bus_id,vehicle_id,trip_id,route_id,partenza_sec,arrivo_sec,partenza,arrivo,durata_min
1,BUS1,LINEA_01_A_21600,LINEA_01,21600,22967,06:00:00,06:22:47,22
1,BUS1,LINEA_01_R_23400,LINEA_01_R,23400,24767,06:30:00,06:52:47,22
1,BUS1,LINEA_01_A_25200,LINEA_01,25200,26567,07:00:00,07:22:47,22
1,BUS1,LINEA_01_R_27000,LINEA_01_R,27000,28367,07:30:00,07:52:47,22
1,BUS1,LINEA_01_A_28800,LINEA_01,28800,30167,08:00:00,08:22:47,22
1,BUS1,LINEA_01_R_30600,LINEA_01_R,30600,31967,08:30:00,08:52:47,22
1,BUS1,LINEA_01_A_32400,LINEA_01,32400,33767,09:00:00,09:22:47,22
1,BUS1,LINEA_01_R_34200,LINEA_01_R,34200,35567,09:30:00,09:52:47,22
1,BUS1,LINEA_01_A_36000,LINEA_01,36000,37367,10:00:00,10:22:47,22
1,BUS1,LINEA_01_R_37800,LINEA_01_R,37800,39167,10:30:00,10:52:47,22
1,BUS1,LINEA_01_A_39600,LINEA_01,39600,40967,11:00:00,11:22:47,22
1,BUS1,LINEA_01_R_41400,LINEA_01_R,41400,42767,11:30:00,11:52:47,22
1,BUS1,LINEA_01_A_43200,LINEA_01,43200,44567,12:00:00,12:22:47,22
1,BUS1,LINEA_01_R_45000,LINEA_01_R,45000,46367,12:30:00,12:52:47,22
1,BUS1,LINEA_01_A_46800,LINEA_01,46800,48167,13:00:00,13:22:47,22
1,BUS1,LINEA_01_R_48600,LINEA_01_R,48600,49967,13:30:00,13:52:47,22
1,BUS1,LINEA_01_A_50400,LINEA_01,50400,51767,14:00:00,14:22:47,22
1,BUS1,LINEA_01_R_52200,LINEA_01_R,52200,53567,14:30:00,14:52:47,22
1,BUS1,LINEA_01_A_54000,LINEA_01,54000,55367,15:00:00,15:22:47,22
1,BUS1,LINEA_01_R_55800,LINEA_01_R,55800,57167,15:30:00,15:52:47,22
1,BUS1,LINEA_01_A_57600,LINEA_01,57600,58967,16:00:00,16:22:47,22
1,BUS1,LINEA_01_R_59400,LINEA_01_R,59400,60767,16:30:00,16:52:47,22
1,BUS1,LINEA_01_A_61200,LINEA_01,61200,62567,17:00:00,17:22:47,22
1,BUS1,LINEA_01_R_63000,LINEA_01_R,63000,64367,17:30:00,17:52:47,22
1,BUS1,LINEA_01_A_64800,LINEA_01,64800,66167,18:00:00,18:22:47,22
1,BUS1,LINEA_01_R_66600,LINEA_01_R,66600,67967,18:30:00,18:52:47,22
1,BUS1,LINEA_01_A_68400,LINEA_01,68400,69767,19:00:00,19:22:47,22
1,BUS1,LINEA_01_R_70200,LINEA_01_R,70200,71567,19:30:00,19:52:47,22
1,BUS1,LINEA_01_A_72000,LINEA_01,72000,73367,20:00:00,20:22:47,22
1,BUS1,LINEA_01_R_73800,LINEA_01_R,73800,75167,20:30:00,20:52:47,22
1,BUS1,LINEA_01_A_75600,LINEA_01,75600,76967,21:00:00,21:22:47,22
1,BUS1,LINEA_01_R_77400,LINEA_01_R,77400,78767,21:30:00,21:52:47,22
1,BUS1,LINEA_01_A_79200,LINEA_01,79200,80567,22:00:00,22:22:47,22
1,BUS1,LINEA_01_R_81000,LINEA_01_R,81000,82367,22:30:00,22:52:47,22
1,BUS1,LINEA_01_A_82800,LINEA_01,82800,84167,23:00:00,23:22:47,22
1,BUS1,LINEA_01_R_84600,LINEA_01_R,84600,85967,23:30:00,23:52:47,22
2,BUS2,LINEA_01_A_23400,LINEA_01,23400,24767,06:30:00,06:52:47,22
2,BUS2,LINEA_01_R_25200,LINEA_01_R,25200,26567,07:00:00,07:22:47,22
2,BUS2,LINEA_01_A_27000,LINEA_01,27000,28367,07:30:00,07:52:47,22
2,BUS2,LINEA_01_R_28800,LINEA_01_R,28800,30167,08:00:00,08:22:47,22
2,BUS2,LINEA_01_A_30600,LINEA_01,30600,31967,08:30:00,08:52:47,22
2,BUS2,LINEA_01_R_32400,LINEA_01_R,32400,33767,09:00:00,09:22:47,22
2,BUS2,LINEA_01_A_34200,LINEA_01,34200,35567,09:30:00,09:52:47,22
2,BUS2,LINEA_01_R_36000,LINEA_01_R,36000,37367,10:00:00,10:22:47,22
2,BUS2,LINEA_01_A_37800,LINEA_01,37800,39167,10:30:00,10:52:47,22
2,BUS2,LINEA_01_R_39600,LINEA_01_R,39600,40967,11:00:00,11:22:47,22
2,BUS2,LINEA_01_A_41400,LINEA_01,41400,42767,11:30:00,11:52:47,22
2,BUS2,LINEA_01_R_43200,LINEA_01_R,43200,44567,12:00:00,12:22:47,22
2,BUS2,LINEA_01_A_45000,LINEA_01,45000,46367,12:30:00,12:52:47,22
2,BUS2,LINEA_01_R_46800,LINEA_01_R,46800,48167,13:00:00,13:22:47,22
2,BUS2,LINEA_01_A_48600,LINEA_01,48600,49967,13:30:00,13:52:47,22
2,BUS2,LINEA_01_R_50400,LINEA_01_R,50400,51767,14:00:00,14:22:47,22
2,BUS2,LINEA_01_A_52200,LINEA_01,52200,53567,14:30:00,14:52:47,22
2,BUS2,LINEA_01_R_54000,LINEA_01_R,54000,55367,15:00:00,15:22:47,22
2,BUS2,LINEA_01_A_55800,LINEA_01,55800,57167,15:30:00,15:52:47,22
2,BUS2,LINEA_01_R_57600,LINEA_01_R,57600,58967,16:00:00,16:22:47,22
2,BUS2,LINEA_01_A_59400,LINEA_01,59400,60767,16:30:00,16:52:47,22
2,BUS2,LINEA_01_R_61200,LINEA_01_R,61200,62567,17:00:00,17:22:47,22
2,BUS2,LINEA_01_A_63000,LINEA_01,63000,64367,17:30:00,17:52:47,22
2,BUS2,LINEA_01_R_64800,LINEA_01_R,64800,66167,18:00:00,18:22:47,22
2,BUS2,LINEA_01_A_66600,LINEA_01,66600,67967,18:30:00,18:52:47,22
2,BUS2,LINEA_01_R_68400,LINEA_01_R,68400,69767,19:00:00,19:22:47,22
2,BUS2,LINEA_01_A_70200,LINEA_01,70200,71567,19:30:00,19:52:47,22
2,BUS2,LINEA_01_R_72000,LINEA_01_R,72000,73367,20:00:00,20:22:47,22
2,BUS2,LINEA_01_A_73800,LINEA_01,73800,75167,20:30:00,20:52:47,22
2,BUS2,LINEA_01_R_75600,LINEA_01_R,75600,76967,21:00:00,21:22:47,22
2,BUS2,LINEA_01_A_77400,LINEA_01,77400,78767,21:30:00,21:52:47,22
2,BUS2,LINEA_01_R_79200,LINEA_01_R,79200,80567,22:00:00,22:22:47,22
2,BUS2,LINEA_01_A_81000,LINEA_01,81000,82367,22:30:00,22:52:47,22
2,BUS2,LINEA_01_R_82800,LINEA_01_R,82800,84167,23:00:00,23:22:47,22
3,BUS3,LINEA_02_A_21600,LINEA_02,21600,24260,06:00:00,06:44:20,44
3,BUS3,LINEA_02_R_25200,LINEA_02_R,25200,27860,07:00:00,07:44:20,44
3,BUS3,LINEA_02_A_28800,LINEA_02,28800,31460,08:00:00,08:44:20,44
3,BUS3,LINEA_02_R_32400,LINEA_02_R,32400,35060,09:00:00,09:44:20,44
3,BUS3,LINEA_02_A_36000,LINEA_02,36000,38660,10:00:00,10:44:20,44
3,BUS3,LINEA_02_R_39600,LINEA_02_R,39600,42260,11:00:00,11:44:20,44
3,BUS3,LINEA_02_A_43200,LINEA_02,43200,45860,12:00:00,12:44:20,44
3,BUS3,LINEA_02_R_46800,LINEA_02_R,46800,49460,13:00:00,13:44:20,44
3,BUS3,LINEA_02_A_50400,LINEA_02,50400,53060,14:00:00,14:44:20,44
3,BUS3,LINEA_02_R_54000,LINEA_02_R,54000,56660,15:00:00,15:44:20,44
3,BUS3,LINEA_02_A_57600,LINEA_02,57600,60260,16:00:00,16:44:20,44
3,BUS3,LINEA_02_R_61200,LINEA_02_R,61200,63860,17:00:00,17:44:20,44
3,BUS3,LINEA_02_A_64800,LINEA_02,64800,67460,18:00:00,18:44:20,44
3,BUS3,LINEA_02_R_68400,LINEA_02_R,68400,71060,19:00:00,19:44:20,44
3,BUS3,LINEA_02_A_72000,LINEA_02,72000,74660,20:00:00,20:44:20,44
3,BUS3,LINEA_02_R_75600,LINEA_02_R,75600,78260,21:00:00,21:44:20,44
3,BUS3,LINEA_02_A_79200,LINEA_02,79200,81860,22:00:00,22:44:20,44
3,BUS3,LINEA_02_R_82800,LINEA_02_R,82800,85460,23:00:00,23:44:20,44
4,BUS4,LINEA_02_A_23400,LINEA_02,23400,26060,06:30:00,07:14:20,44
4,BUS4,LINEA_02_R_27000,LINEA_02_R,27000,29660,07:30:00,08:14:20,44
4,BUS4,LINEA_02_A_30600,LINEA_02,30600,33260,08:30:00,09:14:20,44
4,BUS4,LINEA_02_R_34200,LINEA_02_R,34200,36860,09:30:00,10:14:20,44
4,BUS4,LINEA_02_A_37800,LINEA_02,37800,40460,10:30:00,11:14:20,44
4,BUS4,LINEA_02_R_41400,LINEA_02_R,41400,44060,11:30:00,12:14:20,44
4,BUS4,LINEA_02_A_45000,LINEA_02,45000,47660,12:30:00,13:14:20,44
4,BUS4,LINEA_02_R_48600,LINEA_02_R,48600,51260,13:30:00,14:14:20,44
4,BUS4,LINEA_02_A_52200,LINEA_02,52200,54860,14:30:00,15:14:20,44
4,BUS4,LINEA_02_R_55800,LINEA_02_R,55800,58460,15:30:00,16:14:20,44
4,BUS4,LINEA_02_A_59400,LINEA_02,59400,62060,16:30:00,17:14:20,44
4,BUS4,LINEA_02_R_63000,LINEA_02_R,63000,65660,17:30:00,18:14:20,44
4,BUS4,LINEA_02_A_66600,LINEA_02,66600,69260,18:30:00,19:14:20,44
4,BUS4,LINEA_02_R_70200,LINEA_02_R,70200,72860,19:30:00,20:14:20,44
4,BUS4,LINEA_02_A_73800,LINEA_02,73800,76460,20:30:00,21:14:20,44
4,BUS4,LINEA_02_R_77400,LINEA_02_R,77400,80060,21:30:00,22:14:20,44
4,BUS4,LINEA_02_A_81000,LINEA_02,81000,83660,22:30:00,23:14:20,44
5,BUS5,LINEA_02_A_25200,LINEA_02,25200,27860,07:00:00,07:44:20,44
5,BUS5,LINEA_02_R_28800,LINEA_02_R,28800,31460,08:00:00,08:44:20,44
5,BUS5,LINEA_02_A_32400,LINEA_02,32400,35060,09:00:00,09:44:20,44
5,BUS5,LINEA_02_R_36000,LINEA_02_R,36000,38660,10:00:00,10:44:20,44
5,BUS5,LINEA_02_A_39600,LINEA_02,39600,42260,11:00:00,11:44:20,44
5,BUS5,LINEA_02_R_43200,LINEA_02_R,43200,45860,12:00:00,12:44:20,44
5,BUS5,LINEA_02_A_46800,LINEA_02,46800,49460,13:00:00,13:44:20,44
5,BUS5,LINEA_02_R_50400,LINEA_02_R,50400,53060,14:00:00,14:44:20,44
5,BUS5,LINEA_02_A_54000,LINEA_02,54000,56660,15:00:00,15:44:20,44
5,BUS5,LINEA_02_R_57600,LINEA_02_R,57600,60260,16:00:00,16:44:20,44
5,BUS5,LINEA_02_A_61200,LINEA_02,61200,63860,17:00:00,17:44:20,44
5,BUS5,LINEA_02_R_64800,LINEA_02_R,64800,67460,18:00:00,18:44:20,44
5,BUS5,LINEA_02_A_68400,LINEA_02,68400,71060,19:00:00,19:44:20,44
5,BUS5,LINEA_02_R_72000,LINEA_02_R,72000,74660,20:00:00,20:44:20,44
5,BUS5,LINEA_02_A_75600,LINEA_02,75600,78260,21:00:00,21:44:20,44
5,BUS5,LINEA_02_R_79200,LINEA_02_R,79200,81860,22:00:00,22:44:20,44
5,BUS5,LINEA_02_A_82800,LINEA_02,82800,85460,23:00:00,23:44:20,44
6,BUS6,LINEA_02_A_27000,LINEA_02,27000,29660,07:30:00,08:14:20,44
6,BUS6,LINEA_02_R_30600,LINEA_02_R,30600,33260,08:30:00,09:14:20,44
6,BUS6,LINEA_02_A_34200,LINEA_02,34200,36860,09:30:00,10:14:20,44
6,BUS6,LINEA_02_R_37800,LINEA_02_R,37800,40460,10:30:00,11:14:20,44
6,BUS6,LINEA_02_A_41400,LINEA_02,41400,44060,11:30:00,12:14:20,44
6,BUS6,LINEA_02_R_45000,LINEA_02_R,45000,47660,12:30:00,13:14:20,44
6,BUS6,LINEA_02_A_48600,LINEA_02,48600,51260,13:30:00,14:14:20,44
6,BUS6,LINEA_02_R_52200,LINEA_02_R,52200,54860,14:30:00,15:14:20,44
6,BUS6,LINEA_02_A_55800,LINEA_02,55800,58460,15:30:00,16:14:20,44
6,BUS6,LINEA_02_R_59400,LINEA_02_R,59400,62060,16:30:00,17:14:20,44
6,BUS6,LINEA_02_A_63000,LINEA_02,63000,65660,17:30:00,18:14:20,44
6,BUS6,LINEA_02_R_66600,LINEA_02_R,66600,69260,18:30:00,19:14:20,44
6,BUS6,LINEA_02_A_70200,LINEA_02,70200,72860,19:30:00,20:14:20,44
6,BUS6,LINEA_02_R_73800,LINEA_02_R,73800,76460,20:30:00,21:14:20,44
6,BUS6,LINEA_02_A_77400,LINEA_02,77400,80060,21:30:00,22:14:20,44
6,BUS6,LINEA_02_R_81000,LINEA_02_R,81000,83660,22:30:00,23:14:20,44
7,BUS7,LINEA_03_A_21600,LINEA_03,21600,24329,06:00:00,06:45:29,45
7,BUS7,LINEA_03_A_25200,LINEA_03,25200,27929,07:00:00,07:45:29,45
7,BUS7,LINEA_03_A_28800,LINEA_03,28800,31529,08:00:00,08:45:29,45
7,BUS7,LINEA_03_A_32400,LINEA_03,32400,35129,09:00:00,09:45:29,45
7,BUS7,LINEA_03_A_36000,LINEA_03,36000,38729,10:00:00,10:45:29,45
7,BUS7,LINEA_03_A_39600,LINEA_03,39600,42329,11:00:00,11:45:29,45
7,BUS7,LINEA_03_A_43200,LINEA_03,43200,45929,12:00:00,12:45:29,45
7,BUS7,LINEA_03_A_46800,LINEA_03,46800,49529,13:00:00,13:45:29,45
7,BUS7,LINEA_03_A_50400,LINEA_03,50400,53129,14:00:00,14:45:29,45
7,BUS7,LINEA_03_A_54000,LINEA_03,54000,56729,15:00:00,15:45:29,45
7,BUS7,LINEA_03_A_57600,LINEA_03,57600,60329,16:00:00,16:45:29,45
7,BUS7,LINEA_03_A_61200,LINEA_03,61200,63929,17:00:00,17:45:29,45
7,BUS7,LINEA_03_A_64800,LINEA_03,64800,67529,18:00:00,18:45:29,45
7,BUS7,LINEA_03_A_68400,LINEA_03,68400,71129,19:00:00,19:45:29,45
7,BUS7,LINEA_03_A_72000,LINEA_03,72000,74729,20:00:00,20:45:29,45
7,BUS7,LINEA_03_A_75600,LINEA_03,75600,78329,21:00:00,21:45:29,45
7,BUS7,LINEA_03_A_79200,LINEA_03,79200,81929,22:00:00,22:45:29,45
7,BUS7,LINEA_03_A_82800,LINEA_03,82800,85529,23:00:00,23:45:29,45
8,BUS8,LINEA_03_A_23400,LINEA_03,23400,26129,06:30:00,07:15:29,45
8,BUS8,LINEA_03_A_27000,LINEA_03,27000,29729,07:30:00,08:15:29,45
8,BUS8,LINEA_03_A_30600,LINEA_03,30600,33329,08:30:00,09:15:29,45
8,BUS8,LINEA_03_A_34200,LINEA_03,34200,36929,09:30:00,10:15:29,45
8,BUS8,LINEA_03_A_37800,LINEA_03,37800,40529,10:30:00,11:15:29,45
8,BUS8,LINEA_03_A_41400,LINEA_03,41400,44129,11:30:00,12:15:29,45
8,BUS8,LINEA_03_A_45000,LINEA_03,45000,47729,12:30:00,13:15:29,45
8,BUS8,LINEA_03_A_48600,LINEA_03,48600,51329,13:30:00,14:15:29,45
8,BUS8,LINEA_03_A_52200,LINEA_03,52200,54929,14:30:00,15:15:29,45
8,BUS8,LINEA_03_A_55800,LINEA_03,55800,58529,15:30:00,16:15:29,45
8,BUS8,LINEA_03_A_59400,LINEA_03,59400,62129,16:30:00,17:15:29,45
8,BUS8,LINEA_03_A_63000,LINEA_03,63000,65729,17:30:00,18:15:29,45
8,BUS8,LINEA_03_A_66600,LINEA_03,66600,69329,18:30:00,19:15:29,45
8,BUS8,LINEA_03_A_70200,LINEA_03,70200,72929,19:30:00,20:15:29,45
8,BUS8,LINEA_03_A_73800,LINEA_03,73800,76529,20:30:00,21:15:29,45
8,BUS8,LINEA_03_A_77400,LINEA_03,77400,80129,21:30:00,22:15:29,45
8,BUS8,LINEA_03_A_81000,LINEA_03,81000,83729,22:30:00,23:15:29,45
9,BUS9,LINEA_04_A_21600,LINEA_04,21600,22433,06:00:00,06:13:53,13
9,BUS9,LINEA_04_R_23400,LINEA_04_R,23400,24233,06:30:00,06:43:53,13
9,BUS9,LINEA_04_A_25200,LINEA_04,25200,26033,07:00:00,07:13:53,13
9,BUS9,LINEA_04_R_27000,LINEA_04_R,27000,27833,07:30:00,07:43:53,13
9,BUS9,LINEA_04_A_28800,LINEA_04,28800,29633,08:00:00,08:13:53,13
9,BUS9,LINEA_04_R_30600,LINEA_04_R,30600,31433,08:30:00,08:43:53,13
9,BUS9,LINEA_04_A_32400,LINEA_04,32400,33233,09:00:00,09:13:53,13
9,BUS9,LINEA_04_R_34200,LINEA_04_R,34200,35033,09:30:00,09:43:53,13
9,BUS9,LINEA_04_A_36000,LINEA_04,36000,36833,10:00:00,10:13:53,13
9,BUS9,LINEA_04_R_37800,LINEA_04_R,37800,38633,10:30:00,10:43:53,13
9,BUS9,LINEA_04_A_39600,LINEA_04,39600,40433,11:00:00,11:13:53,13
9,BUS9,LINEA_04_R_41400,LINEA_04_R,41400,42233,11:30:00,11:43:53,13
9,BUS9,LINEA_04_A_43200,LINEA_04,43200,44033,12:00:00,12:13:53,13
9,BUS9,LINEA_04_R_45000,LINEA_04_R,45000,45833,12:30:00,12:43:53,13
9,BUS9,LINEA_04_A_46800,LINEA_04,46800,47633,13:00:00,13:13:53,13
9,BUS9,LINEA_04_R_48600,LINEA_04_R,48600,49433,13:30:00,13:43:53,13
9,BUS9,LINEA_04_A_50400,LINEA_04,50400,51233,14:00:00,14:13:53,13
9,BUS9,LINEA_04_R_52200,LINEA_04_R,52200,53033,14:30:00,14:43:53,13
9,BUS9,LINEA_04_A_54000,LINEA_04,54000,54833,15:00:00,15:13:53,13
9,BUS9,LINEA_04_R_55800,LINEA_04_R,55800,56633,15:30:00,15:43:53,13
9,BUS9,LINEA_04_A_57600,LINEA_04,57600,58433,16:00:00,16:13:53,13
9,BUS9,LINEA_04_R_59400,LINEA_04_R,59400,60233,16:30:00,16:43:53,13
9,BUS9,LINEA_04_A_61200,LINEA_04,61200,62033,17:00:00,17:13:53,13
9,BUS9,LINEA_04_R_63000,LINEA_04_R,63000,63833,17:30:00,17:43:53,13
9,BUS9,LINEA_04_A_64800,LINEA_04,64800,65633,18:00:00,18:13:53,13
9,BUS9,LINEA_04_R_66600,LINEA_04_R,66600,67433,18:30:00,18:43:53,13
9,BUS9,LINEA_04_A_68400,LINEA_04,68400,69233,19:00:00,19:13:53,13
9,BUS9,LINEA_04_R_70200,LINEA_04_R,70200,71033,19:30:00,19:43:53,13
9,BUS9,LINEA_04_A_72000,LINEA_04,72000,72833,20:00:00,20:13:53,13
9,BUS9,LINEA_04_R_73800,LINEA_04_R,73800,74633,20:30:00,20:43:53,13
9,BUS9,LINEA_04_A_75600,LINEA_04,75600,76433,21:00:00,21:13:53,13
9,BUS9,LINEA_04_R_77400,LINEA_04_R,77400,78233,21:30:00,21:43:53,13
9,BUS9,LINEA_04_A_79200,LINEA_04,79200,80033,22:00:00,22:13:53,13
9,BUS9,LINEA_04_R_81000,LINEA_04_R,81000,81833,22:30:00,22:43:53,13
9,BUS9,LINEA_04_A_82800,LINEA_04,82800,83633,23:00:00,23:13:53,13
9,BUS9,LINEA_04_R_84600,LINEA_04_R,84600,85433,23:30:00,23:43:53,13
10,BUS10,LINEA_04_A_23400,LINEA_04,23400,24233,06:30:00,06:43:53,13
10,BUS10,LINEA_04_R_25200,LINEA_04_R,25200,26033,07:00:00,07:13:53,13
10,BUS10,LINEA_04_A_27000,LINEA_04,27000,27833,07:30:00,07:43:53,13
10,BUS10,LINEA_04_R_28800,LINEA_04_R,28800,29633,08:00:00,08:13:53,13
10,BUS10,LINEA_04_A_30600,LINEA_04,30600,31433,08:30:00,08:43:53,13
10,BUS10,LINEA_04_R_32400,LINEA_04_R,32400,33233,09:00:00,09:13:53,13
10,BUS10,LINEA_04_A_34200,LINEA_04,34200,35033,09:30:00,09:43:53,13
10,BUS10,LINEA_04_R_36000,LINEA_04_R,36000,36833,10:00:00,10:13:53,13
10,BUS10,LINEA_04_A_37800,LINEA_04,37800,38633,10:30:00,10:43:53,13
10,BUS10,LINEA_04_R_39600,LINEA_04_R,39600,40433,11:00:00,11:13:53,13
10,BUS10,LINEA_04_A_41400,LINEA_04,41400,42233,11:30:00,11:43:53,13
10,BUS10,LINEA_04_R_43200,LINEA_04_R,43200,44033,12:00:00,12:13:53,13
10,BUS10,LINEA_04_A_45000,LINEA_04,45000,45833,12:30:00,12:43:53,13
10,BUS10,LINEA_04_R_46800,LINEA_04_R,46800,47633,13:00:00,13:13:53,13
10,BUS10,LINEA_04_A_48600,LINEA_04,48600,49433,13:30:00,13:43:53,13
10,BUS10,LINEA_04_R_50400,LINEA_04_R,50400,51233,14:00:00,14:13:53,13
10,BUS10,LINEA_04_A_52200,LINEA_04,52200,53033,14:30:00,14:43:53,13
10,BUS10,LINEA_04_R_54000,LINEA_04_R,54000,54833,15:00:00,15:13:53,13
10,BUS10,LINEA_04_A_55800,LINEA_04,55800,56633,15:30:00,15:43:53,13
10,BUS10,LINEA_04_R_57600,LINEA_04_R,57600,58433,16:00:00,16:13:53,13
10,BUS10,LINEA_04_A_59400,LINEA_04,59400,60233,16:30:00,16:43:53,13
10,BUS10,LINEA_04_R_61200,LINEA_04_R,61200,62033,17:00:00,17:13:53,13
10,BUS10,LINEA_04_A_63000,LINEA_04,63000,63833,17:30:00,17:43:53,13
10,BUS10,LINEA_04_R_64800,LINEA_04_R,64800,65633,18:00:00,18:13:53,13
10,BUS10,LINEA_04_A_66600,LINEA_04,66600,67433,18:30:00,18:43:53,13
10,BUS10,LINEA_04_R_68400,LINEA_04_R,68400,69233,19:00:00,19:13:53,13
10,BUS10,LINEA_04_A_70200,LINEA_04,70200,71033,19:30:00,19:43:53,13
10,BUS10,LINEA_04_R_72000,LINEA_04_R,72000,72833,20:00:00,20:13:53,13
10,BUS10,LINEA_04_A_73800,LINEA_04,73800,74633,20:30:00,20:43:53,13
10,BUS10,LINEA_04_R_75600,LINEA_04_R,75600,76433,21:00:00,21:13:53,13
10,BUS10,LINEA_04_A_77400,LINEA_04,77400,78233,21:30:00,21:43:53,13
10,BUS10,LINEA_04_R_79200,LINEA_04_R,79200,80033,22:00:00,22:13:53,13
10,BUS10,LINEA_04_A_81000,LINEA_04,81000,81833,22:30:00,22:43:53,13
10,BUS10,LINEA_04_R_82800,LINEA_04_R,82800,83633,23:00:00,23:13:53,13
11,BUS11,LINEA_05_A_21600,LINEA_05,21600,23063,06:00:00,06:24:23,24
11,BUS11,LINEA_05_R_23400,LINEA_05_R,23400,24863,06:30:00,06:54:23,24
11,BUS11,LINEA_05_A_25200,LINEA_05,25200,26663,07:00:00,07:24:23,24
11,BUS11,LINEA_05_R_27000,LINEA_05_R,27000,28463,07:30:00,07:54:23,24
11,BUS11,LINEA_05_A_28800,LINEA_05,28800,30263,08:00:00,08:24:23,24
11,BUS11,LINEA_05_R_30600,LINEA_05_R,30600,32063,08:30:00,08:54:23,24
11,BUS11,LINEA_05_A_32400,LINEA_05,32400,33863,09:00:00,09:24:23,24
11,BUS11,LINEA_05_R_34200,LINEA_05_R,34200,35663,09:30:00,09:54:23,24
11,BUS11,LINEA_05_A_36000,LINEA_05,36000,37463,10:00:00,10:24:23,24
11,BUS11,LINEA_05_R_37800,LINEA_05_R,37800,39263,10:30:00,10:54:23,24
11,BUS11,LINEA_05_A_39600,LINEA_05,39600,41063,11:00:00,11:24:23,24
11,BUS11,LINEA_05_R_41400,LINEA_05_R,41400,42863,11:30:00,11:54:23,24
11,BUS11,LINEA_05_A_43200,LINEA_05,43200,44663,12:00:00,12:24:23,24
11,BUS11,LINEA_05_R_45000,LINEA_05_R,45000,46463,12:30:00,12:54:23,24
11,BUS11,LINEA_05_A_46800,LINEA_05,46800,48263,13:00:00,13:24:23,24
11,BUS11,LINEA_05_R_48600,LINEA_05_R,48600,50063,13:30:00,13:54:23,24
11,BUS11,LINEA_05_A_50400,LINEA_05,50400,51863,14:00:00,14:24:23,24
11,BUS11,LINEA_05_R_52200,LINEA_05_R,52200,53663,14:30:00,14:54:23,24
11,BUS11,LINEA_05_A_54000,LINEA_05,54000,55463,15:00:00,15:24:23,24
11,BUS11,LINEA_05_R_55800,LINEA_05_R,55800,57263,15:30:00,15:54:23,24
11,BUS11,LINEA_05_A_57600,LINEA_05,57600,59063,16:00:00,16:24:23,24
11,BUS11,LINEA_05_R_59400,LINEA_05_R,59400,60863,16:30:00,16:54:23,24
11,BUS11,LINEA_05_A_61200,LINEA_05,61200,62663,17:00:00,17:24:23,24
11,BUS11,LINEA_05_R_63000,LINEA_05_R,63000,64463,17:30:00,17:54:23,24
11,BUS11,LINEA_05_A_64800,LINEA_05,64800,66263,18:00:00,18:24:23,24
11,BUS11,LINEA_05_R_66600,LINEA_05_R,66600,68063,18:30:00,18:54:23,24
11,BUS11,LINEA_05_A_68400,LINEA_05,68400,69863,19:00:00,19:24:23,24
11,BUS11,LINEA_05_R_70200,LINEA_05_R,70200,71663,19:30:00,19:54:23,24
11,BUS11,LINEA_05_A_72000,LINEA_05,72000,73463,20:00:00,20:24:23,24
11,BUS11,LINEA_05_R_73800,LINEA_05_R,73800,75263,20:30:00,20:54:23,24
11,BUS11,LINEA_05_A_75600,LINEA_05,75600,77063,21:00:00,21:24:23,24
11,BUS11,LINEA_05_R_77400,LINEA_05_R,77400,78863,21:30:00,21:54:23,24
11,BUS11,LINEA_05_A_79200,LINEA_05,79200,80663,22:00:00,22:24:23,24
11,BUS11,LINEA_05_R_81000,LINEA_05_R,81000,82463,22:30:00,22:54:23,24
11,BUS11,LINEA_05_A_82800,LINEA_05,82800,84263,23:00:00,23:24:23,24
11,BUS11,LINEA_05_R_84600,LINEA_05_R,84600,86063,23:30:00,23:54:23,24
12,BUS12,LINEA_05_A_23400,LINEA_05,23400,24863,06:30:00,06:54:23,24
12,BUS12,LINEA_05_R_25200,LINEA_05_R,25200,26663,07:00:00,07:24:23,24
12,BUS12,LINEA_05_A_27000,LINEA_05,27000,28463,07:30:00,07:54:23,24
12,BUS12,LINEA_05_R_28800,LINEA_05_R,28800,30263,08:00:00,08:24:23,24
12,BUS12,LINEA_05_A_30600,LINEA_05,30600,32063,08:30:00,08:54:23,24
12,BUS12,LINEA_05_R_32400,LINEA_05_R,32400,33863,09:00:00,09:24:23,24
12,BUS12,LINEA_05_A_34200,LINEA_05,34200,35663,09:30:00,09:54:23,24
12,BUS12,LINEA_05_R_36000,LINEA_05_R,36000,37463,10:00:00,10:24:23,24
12,BUS12,LINEA_05_A_37800,LINEA_05,37800,39263,10:30:00,10:54:23,24
12,BUS12,LINEA_05_R_39600,LINEA_05_R,39600,41063,11:00:00,11:24:23,24
12,BUS12,LINEA_05_A_41400,LINEA_05,41400,42863,11:30:00,11:54:23,24
12,BUS12,LINEA_05_R_43200,LINEA_05_R,43200,44663,12:00:00,12:24:23,24
12,BUS12,LINEA_05_A_45000,LINEA_05,45000,46463,12:30:00,12:54:23,24
12,BUS12,LINEA_05_R_46800,LINEA_05_R,46800,48263,13:00:00,13:24:23,24
12,BUS12,LINEA_05_A_48600,LINEA_05,48600,50063,13:30:00,13:54:23,24
12,BUS12,LINEA_05_R_50400,LINEA_05_R,50400,51863,14:00:00,14:24:23,24
12,BUS12,LINEA_05_A_52200,LINEA_05,52200,53663,14:30:00,14:54:23,24
12,BUS12,LINEA_05_R_54000,LINEA_05_R,54000,55463,15:00:00,15:24:23,24
12,BUS12,LINEA_05_A_55800,LINEA_05,55800,57263,15:30:00,15:54:23,24
12,BUS12,LINEA_05_R_57600,LINEA_05_R,57600,59063,16:00:00,16:24:23,24
12,BUS12,LINEA_05_A_59400,LINEA_05,59400,60863,16:30:00,16:54:23,24
12,BUS12,LINEA_05_R_61200,LINEA_05_R,61200,62663,17:00:00,17:24:23,24
12,BUS12,LINEA_05_A_63000,LINEA_05,63000,64463,17:30:00,17:54:23,24
12,BUS12,LINEA_05_R_64800,LINEA_05_R,64800,66263,18:00:00,18:24:23,24
12,BUS12,LINEA_05_A_66600,LINEA_05,66600,68063,18:30:00,18:54:23,24
12,BUS12,LINEA_05_R_68400,LINEA_05_R,68400,69863,19:00:00,19:24:23,24
12,BUS12,LINEA_05_A_70200,LINEA_05,70200,71663,19:30:00,19:54:23,24
12,BUS12,LINEA_05_R_72000,LINEA_05_R,72000,73463,20:00:00,20:24:23,24
12,BUS12,LINEA_05_A_73800,LINEA_05,73800,75263,20:30:00,20:54:23,24
12,BUS12,LINEA_05_R_75600,LINEA_05_R,75600,77063,21:00:00,21:24:23,24
12,BUS12,LINEA_05_A_77400,LINEA_05,77400,78863,21:30:00,21:54:23,24
12,BUS12,LINEA_05_R_79200,LINEA_05_R,79200,80663,22:00:00,22:24:23,24
12,BUS12,LINEA_05_A_81000,LINEA_05,81000,82463,22:30:00,22:54:23,24
12,BUS12,LINEA_05_R_82800,LINEA_05_R,82800,84263,23:00:00,23:24:23,24
13,BUS13,LINEA_07_A_21600,LINEA_07,21600,22211,06:00:00,06:10:11,10
13,BUS13,LINEA_07_R_23400,LINEA_07_R,23400,24011,06:30:00,06:40:11,10
13,BUS13,LINEA_07_A_25200,LINEA_07,25200,25811,07:00:00,07:10:11,10
13,BUS13,LINEA_07_R_27000,LINEA_07_R,27000,27611,07:30:00,07:40:11,10
13,BUS13,LINEA_07_A_28800,LINEA_07,28800,29411,08:00:00,08:10:11,10
13,BUS13,LINEA_07_R_30600,LINEA_07_R,30600,31211,08:30:00,08:40:11,10
13,BUS13,LINEA_07_A_32400,LINEA_07,32400,33011,09:00:00,09:10:11,10
13,BUS13,LINEA_07_R_34200,LINEA_07_R,34200,34811,09:30:00,09:40:11,10
13,BUS13,LINEA_07_A_36000,LINEA_07,36000,36611,10:00:00,10:10:11,10
13,BUS13,LINEA_07_R_37800,LINEA_07_R,37800,38411,10:30:00,10:40:11,10
13,BUS13,LINEA_07_A_39600,LINEA_07,39600,40211,11:00:00,11:10:11,10
13,BUS13,LINEA_07_R_41400,LINEA_07_R,41400,42011,11:30:00,11:40:11,10
13,BUS13,LINEA_07_A_43200,LINEA_07,43200,43811,12:00:00,12:10:11,10
13,BUS13,LINEA_07_R_45000,LINEA_07_R,45000,45611,12:30:00,12:40:11,10
13,BUS13,LINEA_07_A_46800,LINEA_07,46800,47411,13:00:00,13:10:11,10
13,BUS13,LINEA_07_R_48600,LINEA_07_R,48600,49211,13:30:00,13:40:11,10
13,BUS13,LINEA_07_A_50400,LINEA_07,50400,51011,14:00:00,14:10:11,10
13,BUS13,LINEA_07_R_52200,LINEA_07_R,52200,52811,14:30:00,14:40:11,10
13,BUS13,LINEA_07_A_54000,LINEA_07,54000,54611,15:00:00,15:10:11,10
13,BUS13,LINEA_07_R_55800,LINEA_07_R,55800,56411,15:30:00,15:40:11,10
13,BUS13,LINEA_07_A_57600,LINEA_07,57600,58211,16:00:00,16:10:11,10
13,BUS13,LINEA_07_R_59400,LINEA_07_R,59400,60011,16:30:00,16:40:11,10
13,BUS13,LINEA_07_A_61200,LINEA_07,61200,61811,17:00:00,17:10:11,10
13,BUS13,LINEA_07_R_63000,LINEA_07_R,63000,63611,17:30:00,17:40:11,10
13,BUS13,LINEA_07_A_64800,LINEA_07,64800,65411,18:00:00,18:10:11,10
13,BUS13,LINEA_07_R_66600,LINEA_07_R,66600,67211,18:30:00,18:40:11,10
13,BUS13,LINEA_07_A_68400,LINEA_07,68400,69011,19:00:00,19:10:11,10
13,BUS13,LINEA_07_R_70200,LINEA_07_R,70200,70811,19:30:00,19:40:11,10
13,BUS13,LINEA_07_A_72000,LINEA_07,72000,72611,20:00:00,20:10:11,10
13,BUS13,LINEA_07_R_73800,LINEA_07_R,73800,74411,20:30:00,20:40:11,10
13,BUS13,LINEA_07_A_75600,LINEA_07,75600,76211,21:00:00,21:10:11,10
13,BUS13,LINEA_07_R_77400,LINEA_07_R,77400,78011,21:30:00,21:40:11,10
13,BUS13,LINEA_07_A_79200,LINEA_07,79200,79811,22:00:00,22:10:11,10
13,BUS13,LINEA_07_R_81000,LINEA_07_R,81000,81611,22:30:00,22:40:11,10
13,BUS13,LINEA_07_A_82800,LINEA_07,82800,83411,23:00:00,23:10:11,10
13,BUS13,LINEA_07_R_84600,LINEA_07_R,84600,85211,23:30:00,23:40:11,10
14,BUS14,LINEA_07_A_23400,LINEA_07,23400,24011,06:30:00,06:40:11,10
14,BUS14,LINEA_07_R_25200,LINEA_07_R,25200,25811,07:00:00,07:10:11,10
14,BUS14,LINEA_07_A_27000,LINEA_07,27000,27611,07:30:00,07:40:11,10
14,BUS14,LINEA_07_R_28800,LINEA_07_R,28800,29411,08:00:00,08:10:11,10
14,BUS14,LINEA_07_A_30600,LINEA_07,30600,31211,08:30:00,08:40:11,10
14,BUS14,LINEA_07_R_32400,LINEA_07_R,32400,33011,09:00:00,09:10:11,10
14,BUS14,LINEA_07_A_34200,LINEA_07,34200,34811,09:30:00,09:40:11,10
14,BUS14,LINEA_07_R_36000,LINEA_07_R,36000,36611,10:00:00,10:10:11,10
14,BUS14,LINEA_07_A_37800,LINEA_07,37800,38411,10:30:00,10:40:11,10
14,BUS14,LINEA_07_R_39600,LINEA_07_R,39600,40211,11:00:00,11:10:11,10
14,BUS14,LINEA_07_A_41400,LINEA_07,41400,42011,11:30:00,11:40:11,10
14,BUS14,LINEA_07_R_43200,LINEA_07_R,43200,43811,12:00:00,12:10:11,10
14,BUS14,LINEA_07_A_45000,LINEA_07,45000,45611,12:30:00,12:40:11,10
14,BUS14,LINEA_07_R_46800,LINEA_07_R,46800,47411,13:00:00,13:10:11,10
14,BUS14,LINEA_07_A_48600,LINEA_07,48600,49211,13:30:00,13:40:11,10
14,BUS14,LINEA_07_R_50400,LINEA_07_R,50400,51011,14:00:00,14:10:11,10
14,BUS14,LINEA_07_A_52200,LINEA_07,52200,52811,14:30:00,14:40:11,10
14,BUS14,LINEA_07_R_54000,LINEA_07_R,54000,54611,15:00:00,15:10:11,10
14,BUS14,LINEA_07_A_55800,LINEA_07,55800,56411,15:30:00,15:40:11,10
14,BUS14,LINEA_07_R_57600,LINEA_07_R,57600,58211,16:00:00,16:10:11,10
14,BUS14,LINEA_07_A_59400,LINEA_07,59400,60011,16:30:00,16:40:11,10
14,BUS14,LINEA_07_R_61200,LINEA_07_R,61200,61811,17:00:00,17:10:11,10
14,BUS14,LINEA_07_A_63000,LINEA_07,63000,63611,17:30:00,17:40:11,10
14,BUS14,LINEA_07_R_64800,LINEA_07_R,64800,65411,18:00:00,18:10:11,10
14,BUS14,LINEA_07_A_66600,LINEA_07,66600,67211,18:30:00,18:40:11,10
14,BUS14,LINEA_07_R_68400,LINEA_07_R,68400,69011,19:00:00,19:10:11,10
14,BUS14,LINEA_07_A_70200,LINEA_07,70200,70811,19:30:00,19:40:11,10
14,BUS14,LINEA_07_R_72000,LINEA_07_R,72000,72611,20:00:00,20:10:11,10
14,BUS14,LINEA_07_A_73800,LINEA_07,73800,74411,20:30:00,20:40:11,10
14,BUS14,LINEA_07_R_75600,LINEA_07_R,75600,76211,21:00:00,21:10:11,10
14,BUS14,LINEA_07_A_77400,LINEA_07,77400,78011,21:30:00,21:40:11,10
14,BUS14,LINEA_07_R_79200,LINEA_07_R,79200,79811,22:00:00,22:10:11,10
14,BUS14,LINEA_07_A_81000,LINEA_07,81000,81611,22:30:00,22:40:11,10
14,BUS14,LINEA_07_R_82800,LINEA_07_R,82800,83411,23:00:00,23:10:11,10
15,BUS15,LINEA_08_A_21600,LINEA_08,21600,22203,06:00:00,06:10:03,10
15,BUS15,LINEA_08_R_23400,LINEA_08_R,23400,24003,06:30:00,06:40:03,10
15,BUS15,LINEA_08_A_25200,LINEA_08,25200,25803,07:00:00,07:10:03,10
15,BUS15,LINEA_08_R_27000,LINEA_08_R,27000,27603,07:30:00,07:40:03,10
15,BUS15,LINEA_08_A_28800,LINEA_08,28800,29403,08:00:00,08:10:03,10
15,BUS15,LINEA_08_R_30600,LINEA_08_R,30600,31203,08:30:00,08:40:03,10
15,BUS15,LINEA_08_A_32400,LINEA_08,32400,33003,09:00:00,09:10:03,10
15,BUS15,LINEA_08_R_34200,LINEA_08_R,34200,34803,09:30:00,09:40:03,10
15,BUS15,LINEA_08_A_36000,LINEA_08,36000,36603,10:00:00,10:10:03,10
15,BUS15,LINEA_08_R_37800,LINEA_08_R,37800,38403,10:30:00,10:40:03,10
15,BUS15,LINEA_08_A_39600,LINEA_08,39600,40203,11:00:00,11:10:03,10
15,BUS15,LINEA_08_R_41400,LINEA_08_R,41400,42003,11:30:00,11:40:03,10
15,BUS15,LINEA_08_A_43200,LINEA_08,43200,43803,12:00:00,12:10:03,10
15,BUS15,LINEA_08_R_45000,LINEA_08_R,45000,45603,12:30:00,12:40:03,10
15,BUS15,LINEA_08_A_46800,LINEA_08,46800,47403,13:00:00,13:10:03,10
15,BUS15,LINEA_08_R_48600,LINEA_08_R,48600,49203,13:30:00,13:40:03,10
15,BUS15,LINEA_08_A_50400,LINEA_08,50400,51003,14:00:00,14:10:03,10
15,BUS15,LINEA_08_R_52200,LINEA_08_R,52200,52803,14:30:00,14:40:03,10
15,BUS15,LINEA_08_A_54000,LINEA_08,54000,54603,15:00:00,15:10:03,10
15,BUS15,LINEA_08_R_55800,LINEA_08_R,55800,56403,15:30:00,15:40:03,10
15,BUS15,LINEA_08_A_57600,LINEA_08,57600,58203,16:00:00,16:10:03,10
15,BUS15,LINEA_08_R_59400,LINEA_08_R,59400,60003,16:30:00,16:40:03,10
15,BUS15,LINEA_08_A_61200,LINEA_08,61200,61803,17:00:00,17:10:03,10
15,BUS15,LINEA_08_R_63000,LINEA_08_R,63000,63603,17:30:00,17:40:03,10
15,BUS15,LINEA_08_A_64800,LINEA_08,64800,65403,18:00:00,18:10:03,10
15,BUS15,LINEA_08_R_66600,LINEA_08_R,66600,67203,18:30:00,18:40:03,10
15,BUS15,LINEA_08_A_68400,LINEA_08,68400,69003,19:00:00,19:10:03,10
15,BUS15,LINEA_08_R_70200,LINEA_08_R,70200,70803,19:30:00,19:40:03,10
15,BUS15,LINEA_08_A_72000,LINEA_08,72000,72603,20:00:00,20:10:03,10
15,BUS15,LINEA_08_R_73800,LINEA_08_R,73800,74403,20:30:00,20:40:03,10
15,BUS15,LINEA_08_A_75600,LINEA_08,75600,76203,21:00:00,21:10:03,10
15,BUS15,LINEA_08_R_77400,LINEA_08_R,77400,78003,21:30:00,21:40:03,10
15,BUS15,LINEA_08_A_79200,LINEA_08,79200,79803,22:00:00,22:10:03,10
15,BUS15,LINEA_08_R_81000,LINEA_08_R,81000,81603,22:30:00,22:40:03,10
15,BUS15,LINEA_08_A_82800,LINEA_08,82800,83403,23:00:00,23:10:03,10
15,BUS15,LINEA_08_R_84600,LINEA_08_R,84600,85203,23:30:00,23:40:03,10
16,BUS16,LINEA_08_A_23400,LINEA_08,23400,24003,06:30:00,06:40:03,10
16,BUS16,LINEA_08_R_25200,LINEA_08_R,25200,25803,07:00:00,07:10:03,10
16,BUS16,LINEA_08_A_27000,LINEA_08,27000,27603,07:30:00,07:40:03,10
16,BUS16,LINEA_08_R_28800,LINEA_08_R,28800,29403,08:00:00,08:10:03,10
16,BUS16,LINEA_08_A_30600,LINEA_08,30600,31203,08:30:00,08:40:03,10
16,BUS16,LINEA_08_R_32400,LINEA_08_R,32400,33003,09:00:00,09:10:03,10
16,BUS16,LINEA_08_A_34200,LINEA_08,34200,34803,09:30:00,09:40:03,10
16,BUS16,LINEA_08_R_36000,LINEA_08_R,36000,36603,10:00:00,10:10:03,10
16,BUS16,LINEA_08_A_37800,LINEA_08,37800,38403,10:30:00,10:40:03,10
16,BUS16,LINEA_08_R_39600,LINEA_08_R,39600,40203,11:00:00,11:10:03,10
16,BUS16,LINEA_08_A_41400,LINEA_08,41400,42003,11:30:00,11:40:03,10
16,BUS16,LINEA_08_R_43200,LINEA_08_R,43200,43803,12:00:00,12:10:03,10
16,BUS16,LINEA_08_A_45000,LINEA_08,45000,45603,12:30:00,12:40:03,10
16,BUS16,LINEA_08_R_46800,LINEA_08_R,46800,47403,13:00:00,13:10:03,10
16,BUS16,LINEA_08_A_48600,LINEA_08,48600,49203,13:30:00,13:40:03,10
16,BUS16,LINEA_08_R_50400,LINEA_08_R,50400,51003,14:00:00,14:10:03,10
16,BUS16,LINEA_08_A_52200,LINEA_08,52200,52803,14:30:00,14:40:03,10
16,BUS16,LINEA_08_R_54000,LINEA_08_R,54000,54603,15:00:00,15:10:03,10
16,BUS16,LINEA_08_A_55800,LINEA_08,55800,56403,15:30:00,15:40:03,10
16,BUS16,LINEA_08_R_57600,LINEA_08_R,57600,58203,16:00:00,16:10:03,10
16,BUS16,LINEA_08_A_59400,LINEA_08,59400,60003,16:30:00,16:40:03,10
16,BUS16,LINEA_08_R_61200,LINEA_08_R,61200,61803,17:00:00,17:10:03,10
16,BUS16,LINEA_08_A_63000,LINEA_08,63000,63603,17:30:00,17:40:03,10
16,BUS16,LINEA_08_R_64800,LINEA_08_R,64800,65403,18:00:00,18:10:03,10
16,BUS16,LINEA_08_A_66600,LINEA_08,66600,67203,18:30:00,18:40:03,10
16,BUS16,LINEA_08_R_68400,LINEA_08_R,68400,69003,19:00:00,19:10:03,10
16,BUS16,LINEA_08_A_70200,LINEA_08,70200,70803,19:30:00,19:40:03,10
16,BUS16,LINEA_08_R_72000,LINEA_08_R,72000,72603,20:00:00,20:10:03,10
16,BUS16,LINEA_08_A_73800,LINEA_08,73800,74403,20:30:00,20:40:03,10
16,BUS16,LINEA_08_R_75600,LINEA_08_R,75600,76203,21:00:00,21:10:03,10
16,BUS16,LINEA_08_A_77400,LINEA_08,77400,78003,21:30:00,21:40:03,10
16,BUS16,LINEA_08_R_79200,LINEA_08_R,79200,79803,22:00:00,22:10:03,10
16,BUS16,LINEA_08_A_81000,LINEA_08,81000,81603,22:30:00,22:40:03,10
16,BUS16,LINEA_08_R_82800,LINEA_08_R,82800,83403,23:00:00,23:10:03,10
17,BUS17,LINEA_1_A_21600,LINEA_1,21600,24240,06:00:00,06:44:00,44
17,BUS17,LINEA_1_A_25200,LINEA_1,25200,27840,07:00:00,07:44:00,44
17,BUS17,LINEA_1_A_28800,LINEA_1,28800,31440,08:00:00,08:44:00,44
17,BUS17,LINEA_1_A_32400,LINEA_1,32400,35040,09:00:00,09:44:00,44
17,BUS17,LINEA_1_A_36000,LINEA_1,36000,38640,10:00:00,10:44:00,44
17,BUS17,LINEA_1_A_39600,LINEA_1,39600,42240,11:00:00,11:44:00,44
17,BUS17,LINEA_1_A_43200,LINEA_1,43200,45840,12:00:00,12:44:00,44
17,BUS17,LINEA_1_A_46800,LINEA_1,46800,49440,13:00:00,13:44:00,44
17,BUS17,LINEA_1_A_50400,LINEA_1,50400,53040,14:00:00,14:44:00,44
17,BUS17,LINEA_1_A_54000,LINEA_1,54000,56640,15:00:00,15:44:00,44
17,BUS17,LINEA_1_A_57600,LINEA_1,57600,60240,16:00:00,16:44:00,44
17,BUS17,LINEA_1_A_61200,LINEA_1,61200,63840,17:00:00,17:44:00,44
17,BUS17,LINEA_1_A_64800,LINEA_1,64800,67440,18:00:00,18:44:00,44
17,BUS17,LINEA_1_A_68400,LINEA_1,68400,71040,19:00:00,19:44:00,44
17,BUS17,LINEA_1_A_72000,LINEA_1,72000,74640,20:00:00,20:44:00,44
17,BUS17,LINEA_1_A_75600,LINEA_1,75600,78240,21:00:00,21:44:00,44
17,BUS17,LINEA_1_A_79200,LINEA_1,79200,81840,22:00:00,22:44:00,44
17,BUS17,LINEA_1_A_82800,LINEA_1,82800,85440,23:00:00,23:44:00,44
18,BUS18,LINEA_1_A_23400,LINEA_1,23400,26040,06:30:00,07:14:00,44
18,BUS18,LINEA_1_A_27000,LINEA_1,27000,29640,07:30:00,08:14:00,44
18,BUS18,LINEA_1_A_30600,LINEA_1,30600,33240,08:30:00,09:14:00,44
18,BUS18,LINEA_1_A_34200,LINEA_1,34200,36840,09:30:00,10:14:00,44
18,BUS18,LINEA_1_A_37800,LINEA_1,37800,40440,10:30:00,11:14:00,44
18,BUS18,LINEA_1_A_41400,LINEA_1,41400,44040,11:30:00,12:14:00,44
18,BUS18,LINEA_1_A_45000,LINEA_1,45000,47640,12:30:00,13:14:00,44
18,BUS18,LINEA_1_A_48600,LINEA_1,48600,51240,13:30:00,14:14:00,44
18,BUS18,LINEA_1_A_52200,LINEA_1,52200,54840,14:30:00,15:14:00,44
18,BUS18,LINEA_1_A_55800,LINEA_1,55800,58440,15:30:00,16:14:00,44
18,BUS18,LINEA_1_A_59400,LINEA_1,59400,62040,16:30:00,17:14:00,44
18,BUS18,LINEA_1_A_63000,LINEA_1,63000,65640,17:30:00,18:14:00,44
18,BUS18,LINEA_1_A_66600,LINEA_1,66600,69240,18:30:00,19:14:00,44
18,BUS18,LINEA_1_A_70200,LINEA_1,70200,72840,19:30:00,20:14:00,44
18,BUS18,LINEA_1_A_73800,LINEA_1,73800,76440,20:30:00,21:14:00,44
18,BUS18,LINEA_1_A_77400,LINEA_1,77400,80040,21:30:00,22:14:00,44
18,BUS18,LINEA_1_A_81000,LINEA_1,81000,83640,22:30:00,23:14:00,44
19,BUS19,LINEA_10_A_21600,LINEA_10,21600,22394,06:00:00,06:13:14,13
19,BUS19,LINEA_10_R_23400,LINEA_10_R,23400,24194,06:30:00,06:43:14,13
19,BUS19,LINEA_10_A_25200,LINEA_10,25200,25994,07:00:00,07:13:14,13
19,BUS19,LINEA_10_R_27000,LINEA_10_R,27000,27794,07:30:00,07:43:14,13
19,BUS19,LINEA_10_A_28800,LINEA_10,28800,29594,08:00:00,08:13:14,13
19,BUS19,LINEA_10_R_30600,LINEA_10_R,30600,31394,08:30:00,08:43:14,13
19,BUS19,LINEA_10_A_32400,LINEA_10,32400,33194,09:00:00,09:13:14,13
19,BUS19,LINEA_10_R_34200,LINEA_10_R,34200,34994,09:30:00,09:43:14,13
19,BUS19,LINEA_10_A_36000,LINEA_10,36000,36794,10:00:00,10:13:14,13
19,BUS19,LINEA_10_R_37800,LINEA_10_R,37800,38594,10:30:00,10:43:14,13
19,BUS19,LINEA_10_A_39600,LINEA_10,39600,40394,11:00:00,11:13:14,13
19,BUS19,LINEA_10_R_41400,LINEA_10_R,41400,42194,11:30:00,11:43:14,13
19,BUS19,LINEA_10_A_43200,LINEA_10,43200,43994,12:00:00,12:13:14,13
19,BUS19,LINEA_10_R_45000,LINEA_10_R,45000,45794,12:30:00,12:43:14,13
19,BUS19,LINEA_10_A_46800,LINEA_10,46800,47594,13:00:00,13:13:14,13
19,BUS19,LINEA_10_R_48600,LINEA_10_R,48600,49394,13:30:00,13:43:14,13
19,BUS19,LINEA_10_A_50400,LINEA_10,50400,51194,14:00:00,14:13:14,13
19,BUS19,LINEA_10_R_52200,LINEA_10_R,52200,52994,14:30:00,14:43:14,13
19,BUS19,LINEA_10_A_54000,LINEA_10,54000,54794,15:00:00,15:13:14,13
19,BUS19,LINEA_10_R_55800,LINEA_10_R,55800,56594,15:30:00,15:43:14,13
19,BUS19,LINEA_10_A_57600,LINEA_10,57600,58394,16:00:00,16:13:14,13
19,BUS19,LINEA_10_R_59400,LINEA_10_R,59400,60194,16:30:00,16:43:14,13
19,BUS19,LINEA_10_A_61200,LINEA_10,61200,61994,17:00:00,17:13:14,13
19,BUS19,LINEA_10_R_63000,LINEA_10_R,63000,63794,17:30:00,17:43:14,13
19,BUS19,LINEA_10_A_64800,LINEA_10,64800,65594,18:00:00,18:13:14,13
19,BUS19,LINEA_10_R_66600,LINEA_10_R,66600,67394,18:30:00,18:43:14,13
19,BUS19,LINEA_10_A_68400,LINEA_10,68400,69194,19:00:00,19:13:14,13
19,BUS19,LINEA_10_R_70200,LINEA_10_R,70200,70994,19:30:00,19:43:14,13
19,BUS19,LINEA_10_A_72000,LINEA_10,72000,72794,20:00:00,20:13:14,13
19,BUS19,LINEA_10_R_73800,LINEA_10_R,73800,74594,20:30:00,20:43:14,13
19,BUS19,LINEA_10_A_75600,LINEA_10,75600,76394,21:00:00,21:13:14,13
19,BUS19,LINEA_10_R_77400,LINEA_10_R,77400,78194,21:30:00,21:43:14,13
19,BUS19,LINEA_10_A_79200,LINEA_10,79200,79994,22:00:00,22:13:14,13
19,BUS19,LINEA_10_R_81000,LINEA_10_R,81000,81794,22:30:00,22:43:14,13
19,BUS19,LINEA_10_A_82800,LINEA_10,82800,83594,23:00:00,23:13:14,13
19,BUS19,LINEA_10_R_84600,LINEA_10_R,84600,85394,23:30:00,23:43:14,13
20,BUS20,LINEA_10_A_23400,LINEA_10,23400,24194,06:30:00,06:43:14,13
20,BUS20,LINEA_10_R_25200,LINEA_10_R,25200,25994,07:00:00,07:13:14,13
20,BUS20,LINEA_10_A_27000,LINEA_10,27000,27794,07:30:00,07:43:14,13
20,BUS20,LINEA_10_R_28800,LINEA_10_R,28800,29594,08:00:00,08:13:14,13
20,BUS20,LINEA_10_A_30600,LINEA_10,30600,31394,08:30:00,08:43:14,13
20,BUS20,LINEA_10_R_32400,LINEA_10_R,32400,33194,09:00:00,09:13:14,13
20,BUS20,LINEA_10_A_34200,LINEA_10,34200,34994,09:30:00,09:43:14,13
20,BUS20,LINEA_10_R_36000,LINEA_10_R,36000,36794,10:00:00,10:13:14,13
20,BUS20,LINEA_10_A_37800,LINEA_10,37800,38594,10:30:00,10:43:14,13
20,BUS20,LINEA_10_R_39600,LINEA_10_R,39600,40394,11:00:00,11:13:14,13
20,BUS20,LINEA_10_A_41400,LINEA_10,41400,42194,11:30:00,11:43:14,13
20,BUS20,LINEA_10_R_43200,LINEA_10_R,43200,43994,12:00:00,12:13:14,13
20,BUS20,LINEA_10_A_45000,LINEA_10,45000,45794,12:30:00,12:43:14,13
20,BUS20,LINEA_10_R_46800,LINEA_10_R,46800,47594,13:00:00,13:13:14,13
20,BUS20,LINEA_10_A_48600,LINEA_10,48600,49394,13:30:00,13:43:14,13
20,BUS20,LINEA_10_R_50400,LINEA_10_R,50400,51194,14:00:00,14:13:14,13
20,BUS20,LINEA_10_A_52200,LINEA_10,52200,52994,14:30:00,14:43:14,13
20,BUS20,LINEA_10_R_54000,LINEA_10_R,54000,54794,15:00:00,15:13:14,13
20,BUS20,LINEA_10_A_55800,LINEA_10,55800,56594,15:30:00,15:43:14,13
20,BUS20,LINEA_10_R_57600,LINEA_10_R,57600,58394,16:00:00,16:13:14,13
20,BUS20,LINEA_10_A_59400,LINEA_10,59400,60194,16:30:00,16:43:14,13
20,BUS20,LINEA_10_R_61200,LINEA_10_R,61200,61994,17:00:00,17:13:14,13
20,BUS20,LINEA_10_A_63000,LINEA_10,63000,63794,17:30:00,17:43:14,13
20,BUS20,LINEA_10_R_64800,LINEA_10_R,64800,65594,18:00:00,18:13:14,13
20,BUS20,LINEA_10_A_66600,LINEA_10,66600,67394,18:30:00,18:43:14,13
20,BUS20,LINEA_10_R_68400,LINEA_10_R,68400,69194,19:00:00,19:13:14,13
20,BUS20,LINEA_10_A_70200,LINEA_10,70200,70994,19:30:00,19:43:14,13
20,BUS20,LINEA_10_R_72000,LINEA_10_R,72000,72794,20:00:00,20:13:14,13
20,BUS20,LINEA_10_A_73800,LINEA_10,73800,74594,20:30:00,20:43:14,13
20,BUS20,LINEA_10_R_75600,LINEA_10_R,75600,76394,21:00:00,21:13:14,13
20,BUS20,LINEA_10_A_77400,LINEA_10,77400,78194,21:30:00,21:43:14,13
20,BUS20,LINEA_10_R_79200,LINEA_10_R,79200,79994,22:00:00,22:13:14,13
20,BUS20,LINEA_10_A_81000,LINEA_10,81000,81794,22:30:00,22:43:14,13
20,BUS20,LINEA_10_R_82800,LINEA_10_R,82800,83594,23:00:00,23:13:14,13
21,BUS21,LINEA_11I_A_21600,LINEA_11I,21600,22410,06:00:00,06:13:30,13
21,BUS21,LINEA_11I_R_23400,LINEA_11I_R,23400,24210,06:30:00,06:43:30,13
21,BUS21,LINEA_11I_A_25200,LINEA_11I,25200,26010,07:00:00,07:13:30,13
21,BUS21,LINEA_11I_R_27000,LINEA_11I_R,27000,27810,07:30:00,07:43:30,13
21,BUS21,LINEA_11I_A_28800,LINEA_11I,28800,29610,08:00:00,08:13:30,13
21,BUS21,LINEA_11I_R_30600,LINEA_11I_R,30600,31410,08:30:00,08:43:30,13
21,BUS21,LINEA_11I_A_32400,LINEA_11I,32400,33210,09:00:00,09:13:30,13
21,BUS21,LINEA_11I_R_34200,LINEA_11I_R,34200,35010,09:30:00,09:43:30,13
21,BUS21,LINEA_11I_A_36000,LINEA_11I,36000,36810,10:00:00,10:13:30,13
21,BUS21,LINEA_11I_R_37800,LINEA_11I_R,37800,38610,10:30:00,10:43:30,13
21,BUS21,LINEA_11I_A_39600,LINEA_11I,39600,40410,11:00:00,11:13:30,13
21,BUS21,LINEA_11I_R_41400,LINEA_11I_R,41400,42210,11:30:00,11:43:30,13
21,BUS21,LINEA_11I_A_43200,LINEA_11I,43200,44010,12:00:00,12:13:30,13
21,BUS21,LINEA_11I_R_45000,LINEA_11I_R,45000,45810,12:30:00,12:43:30,13
21,BUS21,LINEA_11I_A_46800,LINEA_11I,46800,47610,13:00:00,13:13:30,13
21,BUS21,LINEA_11I_R_48600,LINEA_11I_R,48600,49410,13:30:00,13:43:30,13
21,BUS21,LINEA_11I_A_50400,LINEA_11I,50400,51210,14:00:00,14:13:30,13
21,BUS21,LINEA_11I_R_52200,LINEA_11I_R,52200,53010,14:30:00,14:43:30,13
21,BUS21,LINEA_11I_A_54000,LINEA_11I,54000,54810,15:00:00,15:13:30,13
21,BUS21,LINEA_11I_R_55800,LINEA_11I_R,55800,56610,15:30:00,15:43:30,13
21,BUS21,LINEA_11I_A_57600,LINEA_11I,57600,58410,16:00:00,16:13:30,13
21,BUS21,LINEA_11I_R_59400,LINEA_11I_R,59400,60210,16:30:00,16:43:30,13
21,BUS21,LINEA_11I_A_61200,LINEA_11I,61200,62010,17:00:00,17:13:30,13
21,BUS21,LINEA_11I_R_63000,LINEA_11I_R,63000,63810,17:30:00,17:43:30,13
21,BUS21,LINEA_11I_A_64800,LINEA_11I,64800,65610,18:00:00,18:13:30,13
21,BUS21,LINEA_11I_R_66600,LINEA_11I_R,66600,67410,18:30:00,18:43:30,13
21,BUS21,LINEA_11I_A_68400,LINEA_11I,68400,69210,19:00:00,19:13:30,13
21,BUS21,LINEA_11I_R_70200,LINEA_11I_R,70200,71010,19:30:00,19:43:30,13
21,BUS21,LINEA_11I_A_72000,LINEA_11I,72000,72810,20:00:00,20:13:30,13
21,BUS21,LINEA_11I_R_73800,LINEA_11I_R,73800,74610,20:30:00,20:43:30,13
21,BUS21,LINEA_11I_A_75600,LINEA_11I,75600,76410,21:00:00,21:13:30,13
21,BUS21,LINEA_11I_R_77400,LINEA_11I_R,77400,78210,21:30:00,21:43:30,13
21,BUS21,LINEA_11I_A_79200,LINEA_11I,79200,80010,22:00:00,22:13:30,13
21,BUS21,LINEA_11I_R_81000,LINEA_11I_R,81000,81810,22:30:00,22:43:30,13
21,BUS21,LINEA_11I_A_82800,LINEA_11I,82800,83610,23:00:00,23:13:30,13
21,BUS21,LINEA_11I_R_84600,LINEA_11I_R,84600,85410,23:30:00,23:43:30,13
22,BUS22,LINEA_11I_A_23400,LINEA_11I,23400,24210,06:30:00,06:43:30,13
22,BUS22,LINEA_11I_R_25200,LINEA_11I_R,25200,26010,07:00:00,07:13:30,13
22,BUS22,LINEA_11I_A_27000,LINEA_11I,27000,27810,07:30:00,07:43:30,13
22,BUS22,LINEA_11I_R_28800,LINEA_11I_R,28800,29610,08:00:00,08:13:30,13
22,BUS22,LINEA_11I_A_30600,LINEA_11I,30600,31410,08:30:00,08:43:30,13
22,BUS22,LINEA_11I_R_32400,LINEA_11I_R,32400,33210,09:00:00,09:13:30,13
22,BUS22,LINEA_11I_A_34200,LINEA_11I,34200,35010,09:30:00,09:43:30,13
22,BUS22,LINEA_11I_R_36000,LINEA_11I_R,36000,36810,10:00:00,10:13:30,13
22,BUS22,LINEA_11I_A_37800,LINEA_11I,37800,38610,10:30:00,10:43:30,13
22,BUS22,LINEA_11I_R_39600,LINEA_11I_R,39600,40410,11:00:00,11:13:30,13
22,BUS22,LINEA_11I_A_41400,LINEA_11I,41400,42210,11:30:00,11:43:30,13
22,BUS22,LINEA_11I_R_43200,LINEA_11I_R,43200,44010,12:00:00,12:13:30,13
22,BUS22,LINEA_11I_A_45000,LINEA_11I,45000,45810,12:30:00,12:43:30,13
22,BUS22,LINEA_11I_R_46800,LINEA_11I_R,46800,47610,13:00:00,13:13:30,13
22,BUS22,LINEA_11I_A_48600,LINEA_11I,48600,49410,13:30:00,13:43:30,13
22,BUS22,LINEA_11I_R_50400,LINEA_11I_R,50400,51210,14:00:00,14:13:30,13
22,BUS22,LINEA_11I_A_52200,LINEA_11I,52200,53010,14:30:00,14:43:30,13
22,BUS22,LINEA_11I_R_54000,LINEA_11I_R,54000,54810,15:00:00,15:13:30,13
22,BUS22,LINEA_11I_A_55800,LINEA_11I,55800,56610,15:30:00,15:43:30,13
22,BUS22,LINEA_11I_R_57600,LINEA_11I_R,57600,58410,16:00:00,16:13:30,13
22,BUS22,LINEA_11I_A_59400,LINEA_11I,59400,60210,16:30:00,16:43:30,13
22,BUS22,LINEA_11I_R_61200,LINEA_11I_R,61200,62010,17:00:00,17:13:30,13
22,BUS22,LINEA_11I_A_63000,LINEA_11I,63000,63810,17:30:00,17:43:30,13
22,BUS22,LINEA_11I_R_64800,LINEA_11I_R,64800,65610,18:00:00,18:13:30,13
22,BUS22,LINEA_11I_A_66600,LINEA_11I,66600,67410,18:30:00,18:43:30,13
22,BUS22,LINEA_11I_R_68400,LINEA_11I_R,68400,69210,19:00:00,19:13:30,13
22,BUS22,LINEA_11I_A_70200,LINEA_11I,70200,71010,19:30:00,19:43:30,13
22,BUS22,LINEA_11I_R_72000,LINEA_11I_R,72000,72810,20:00:00,20:13:30,13
22,BUS22,LINEA_11I_A_73800,LINEA_11I,73800,74610,20:30:00,20:43:30,13
22,BUS22,LINEA_11I_R_75600,LINEA_11I_R,75600,76410,21:00:00,21:13:30,13
22,BUS22,LINEA_11I_A_77400,LINEA_11I,77400,78210,21:30:00,21:43:30,13
22,BUS22,LINEA_11I_R_79200,LINEA_11I_R,79200,80010,22:00:00,22:13:30,13
22,BUS22,LINEA_11I_A_81000,LINEA_11I,81000,81810,22:30:00,22:43:30,13
22,BUS22,LINEA_11I_R_82800,LINEA_11I_R,82800,83610,23:00:00,23:13:30,13
23,BUS23,LINEA_11L_A_21600,LINEA_11L,21600,22704,06:00:00,06:18:24,18
23,BUS23,LINEA_11L_R_23400,LINEA_11L_R,23400,24504,06:30:00,06:48:24,18
23,BUS23,LINEA_11L_A_25200,LINEA_11L,25200,26304,07:00:00,07:18:24,18
23,BUS23,LINEA_11L_R_27000,LINEA_11L_R,27000,28104,07:30:00,07:48:24,18
23,BUS23,LINEA_11L_A_28800,LINEA_11L,28800,29904,08:00:00,08:18:24,18
23,BUS23,LINEA_11L_R_30600,LINEA_11L_R,30600,31704,08:30:00,08:48:24,18
23,BUS23,LINEA_11L_A_32400,LINEA_11L,32400,33504,09:00:00,09:18:24,18
23,BUS23,LINEA_11L_R_34200,LINEA_11L_R,34200,35304,09:30:00,09:48:24,18
23,BUS23,LINEA_11L_A_36000,LINEA_11L,36000,37104,10:00:00,10:18:24,18
23,BUS23,LINEA_11L_R_37800,LINEA_11L_R,37800,38904,10:30:00,10:48:24,18
23,BUS23,LINEA_11L_A_39600,LINEA_11L,39600,40704,11:00:00,11:18:24,18
23,BUS23,LINEA_11L_R_41400,LINEA_11L_R,41400,42504,11:30:00,11:48:24,18
23,BUS23,LINEA_11L_A_43200,LINEA_11L,43200,44304,12:00:00,12:18:24,18
23,BUS23,LINEA_11L_R_45000,LINEA_11L_R,45000,46104,12:30:00,12:48:24,18
23,BUS23,LINEA_11L_A_46800,LINEA_11L,46800,47904,13:00:00,13:18:24,18
23,BUS23,LINEA_11L_R_48600,LINEA_11L_R,48600,49704,13:30:00,13:48:24,18
23,BUS23,LINEA_11L_A_50400,LINEA_11L,50400,51504,14:00:00,14:18:24,18
23,BUS23,LINEA_11L_R_52200,LINEA_11L_R,52200,53304,14:30:00,14:48:24,18
23,BUS23,LINEA_11L_A_54000,LINEA_11L,54000,55104,15:00:00,15:18:24,18
23,BUS23,LINEA_11L_R_55800,LINEA_11L_R,55800,56904,15:30:00,15:48:24,18
23,BUS23,LINEA_11L_A_57600,LINEA_11L,57600,58704,16:00:00,16:18:24,18
23,BUS23,LINEA_11L_R_59400,LINEA_11L_R,59400,60504,16:30:00,16:48:24,18
23,BUS23,LINEA_11L_A_61200,LINEA_11L,61200,62304,17:00:00,17:18:24,18
23,BUS23,LINEA_11L_R_63000,LINEA_11L_R,63000,64104,17:30:00,17:48:24,18
23,BUS23,LINEA_11L_A_64800,LINEA_11L,64800,65904,18:00:00,18:18:24,18
23,BUS23,LINEA_11L_R_66600,LINEA_11L_R,66600,67704,18:30:00,18:48:24,18
23,BUS23,LINEA_11L_A_68400,LINEA_11L,68400,69504,19:00:00,19:18:24,18
23,BUS23,LINEA_11L_R_70200,LINEA_11L_R,70200,71304,19:30:00,19:48:24,18
23,BUS23,LINEA_11L_A_72000,LINEA_11L,72000,73104,20:00:00,20:18:24,18
23,BUS23,LINEA_11L_R_73800,LINEA_11L_R,73800,74904,20:30:00,20:48:24,18
23,BUS23,LINEA_11L_A_75600,LINEA_11L,75600,76704,21:00:00,21:18:24,18
23,BUS23,LINEA_11L_R_77400,LINEA_11L_R,77400,78504,21:30:00,21:48:24,18
23,BUS23,LINEA_11L_A_79200,LINEA_11L,79200,80304,22:00:00,22:18:24,18
23,BUS23,LINEA_11L_R_81000,LINEA_11L_R,81000,82104,22:30:00,22:48:24,18
23,BUS23,LINEA_11L_A_82800,LINEA_11L,82800,83904,23:00:00,23:18:24,18
23,BUS23,LINEA_11L_R_84600,LINEA_11L_R,84600,85704,23:30:00,23:48:24,18
24,BUS24,LINEA_11L_A_23400,LINEA_11L,23400,24504,06:30:00,06:48:24,18
24,BUS24,LINEA_11L_R_25200,LINEA_11L_R,25200,26304,07:00:00,07:18:24,18
24,BUS24,LINEA_11L_A_27000,LINEA_11L,27000,28104,07:30:00,07:48:24,18
24,BUS24,LINEA_11L_R_28800,LINEA_11L_R,28800,29904,08:00:00,08:18:24,18
24,BUS24,LINEA_11L_A_30600,LINEA_11L,30600,31704,08:30:00,08:48:24,18
24,BUS24,LINEA_11L_R_32400,LINEA_11L_R,32400,33504,09:00:00,09:18:24,18
24,BUS24,LINEA_11L_A_34200,LINEA_11L,34200,35304,09:30:00,09:48:24,18
24,BUS24,LINEA_11L_R_36000,LINEA_11L_R,36000,37104,10:00:00,10:18:24,18
24,BUS24,LINEA_11L_A_37800,LINEA_11L,37800,38904,10:30:00,10:48:24,18
24,BUS24,LINEA_11L_R_39600,LINEA_11L_R,39600,40704,11:00:00,11:18:24,18
24,BUS24,LINEA_11L_A_41400,LINEA_11L,41400,42504,11:30:00,11:48:24,18
24,BUS24,LINEA_11L_R_43200,LINEA_11L_R,43200,44304,12:00:00,12:18:24,18
24,BUS24,LINEA_11L_A_45000,LINEA_11L,45000,46104,12:30:00,12:48:24,18
24,BUS24,LINEA_11L_R_46800,LINEA_11L_R,46800,47904,13:00:00,13:18:24,18
24,BUS24,LINEA_11L_A_48600,LINEA_11L,48600,49704,13:30:00,13:48:24,18
24,BUS24,LINEA_11L_R_50400,LINEA_11L_R,50400,51504,14:00:00,14:18:24,18
24,BUS24,LINEA_11L_A_52200,LINEA_11L,52200,53304,14:30:00,14:48:24,18
24,BUS24,LINEA_11L_R_54000,LINEA_11L_R,54000,55104,15:00:00,15:18:24,18
24,BUS24,LINEA_11L_A_55800,LINEA_11L,55800,56904,15:30:00,15:48:24,18
24,BUS24,LINEA_11L_R_57600,LINEA_11L_R,57600,58704,16:00:00,16:18:24,18
24,BUS24,LINEA_11L_A_59400,LINEA_11L,59400,60504,16:30:00,16:48:24,18
24,BUS24,LINEA_11L_R_61200,LINEA_11L_R,61200,62304,17:00:00,17:18:24,18
24,BUS24,LINEA_11L_A_63000,LINEA_11L,63000,64104,17:30:00,17:48:24,18
24,BUS24,LINEA_11L_R_64800,LINEA_11L_R,64800,65904,18:00:00,18:18:24,18
24,BUS24,LINEA_11L_A_66600,LINEA_11L,66600,67704,18:30:00,18:48:24,18
24,BUS24,LINEA_11L_R_68400,LINEA_11L_R,68400,69504,19:00:00,19:18:24,18
24,BUS24,LINEA_11L_A_70200,LINEA_11L,70200,71304,19:30:00,19:48:24,18
24,BUS24,LINEA_11L_R_72000,LINEA_11L_R,72000,73104,20:00:00,20:18:24,18
24,BUS24,LINEA_11L_A_73800,LINEA_11L,73800,74904,20:30:00,20:48:24,18
24,BUS24,LINEA_11L_R_75600,LINEA_11L_R,75600,76704,21:00:00,21:18:24,18
24,BUS24,LINEA_11L_A_77400,LINEA_11L,77400,78504,21:30:00,21:48:24,18
24,BUS24,LINEA_11L_R_79200,LINEA_11L_R,79200,80304,22:00:00,22:18:24,18
24,BUS24,LINEA_11L_A_81000,LINEA_11L,81000,82104,22:30:00,22:48:24,18
24,BUS24,LINEA_11L_R_82800,LINEA_11L_R,82800,83904,23:00:00,23:18:24,18
25,BUS25,LINEA_14_A_21600,LINEA_14,21600,24365,06:00:00,06:46:05,46
25,BUS25,LINEA_14_A_25200,LINEA_14,25200,27965,07:00:00,07:46:05,46
25,BUS25,LINEA_14_A_28800,LINEA_14,28800,31565,08:00:00,08:46:05,46
25,BUS25,LINEA_14_A_32400,LINEA_14,32400,35165,09:00:00,09:46:05,46
25,BUS25,LINEA_14_A_36000,LINEA_14,36000,38765,10:00:00,10:46:05,46
25,BUS25,LINEA_14_A_39600,LINEA_14,39600,42365,11:00:00,11:46:05,46
25,BUS25,LINEA_14_A_43200,LINEA_14,43200,45965,12:00:00,12:46:05,46
25,BUS25,LINEA_14_A_46800,LINEA_14,46800,49565,13:00:00,13:46:05,46
25,BUS25,LINEA_14_A_50400,LINEA_14,50400,53165,14:00:00,14:46:05,46
25,BUS25,LINEA_14_A_54000,LINEA_14,54000,56765,15:00:00,15:46:05,46
25,BUS25,LINEA_14_A_57600,LINEA_14,57600,60365,16:00:00,16:46:05,46
25,BUS25,LINEA_14_A_61200,LINEA_14,61200,63965,17:00:00,17:46:05,46
25,BUS25,LINEA_14_A_64800,LINEA_14,64800,67565,18:00:00,18:46:05,46
25,BUS25,LINEA_14_A_68400,LINEA_14,68400,71165,19:00:00,19:46:05,46
25,BUS25,LINEA_14_A_72000,LINEA_14,72000,74765,20:00:00,20:46:05,46
25,BUS25,LINEA_14_A_75600,LINEA_14,75600,78365,21:00:00,21:46:05,46
25,BUS25,LINEA_14_A_79200,LINEA_14,79200,81965,22:00:00,22:46:05,46
25,BUS25,LINEA_14_A_82800,LINEA_14,82800,85565,23:00:00,23:46:05,46
26,BUS26,LINEA_14_A_23400,LINEA_14,23400,26165,06:30:00,07:16:05,46
26,BUS26,LINEA_14_A_27000,LINEA_14,27000,29765,07:30:00,08:16:05,46
26,BUS26,LINEA_14_A_30600,LINEA_14,30600,33365,08:30:00,09:16:05,46
26,BUS26,LINEA_14_A_34200,LINEA_14,34200,36965,09:30:00,10:16:05,46
26,BUS26,LINEA_14_A_37800,LINEA_14,37800,40565,10:30:00,11:16:05,46
26,BUS26,LINEA_14_A_41400,LINEA_14,41400,44165,11:30:00,12:16:05,46
26,BUS26,LINEA_14_A_45000,LINEA_14,45000,47765,12:30:00,13:16:05,46
26,BUS26,LINEA_14_A_48600,LINEA_14,48600,51365,13:30:00,14:16:05,46
26,BUS26,LINEA_14_A_52200,LINEA_14,52200,54965,14:30:00,15:16:05,46
26,BUS26,LINEA_14_A_55800,LINEA_14,55800,58565,15:30:00,16:16:05,46
26,BUS26,LINEA_14_A_59400,LINEA_14,59400,62165,16:30:00,17:16:05,46
26,BUS26,LINEA_14_A_63000,LINEA_14,63000,65765,17:30:00,18:16:05,46
26,BUS26,LINEA_14_A_66600,LINEA_14,66600,69365,18:30:00,19:16:05,46
26,BUS26,LINEA_14_A_70200,LINEA_14,70200,72965,19:30:00,20:16:05,46
26,BUS26,LINEA_14_A_73800,LINEA_14,73800,76565,20:30:00,21:16:05,46
26,BUS26,LINEA_14_A_77400,LINEA_14,77400,80165,21:30:00,22:16:05,46
26,BUS26,LINEA_14_A_81000,LINEA_14,81000,83765,22:30:00,23:16:05,46
27,BUS27,LINEA_16_A_21600,LINEA_16,21600,22551,06:00:00,06:15:51,15
27,BUS27,LINEA_16_R_23400,LINEA_16_R,23400,24351,06:30:00,06:45:51,15
27,BUS27,LINEA_16_A_25200,LINEA_16,25200,26151,07:00:00,07:15:51,15
27,BUS27,LINEA_16_R_27000,LINEA_16_R,27000,27951,07:30:00,07:45:51,15
27,BUS27,LINEA_16_A_28800,LINEA_16,28800,29751,08:00:00,08:15:51,15
27,BUS27,LINEA_16_R_30600,LINEA_16_R,30600,31551,08:30:00,08:45:51,15
27,BUS27,LINEA_16_A_32400,LINEA_16,32400,33351,09:00:00,09:15:51,15
27,BUS27,LINEA_16_R_34200,LINEA_16_R,34200,35151,09:30:00,09:45:51,15
27,BUS27,LINEA_16_A_36000,LINEA_16,36000,36951,10:00:00,10:15:51,15
27,BUS27,LINEA_16_R_37800,LINEA_16_R,37800,38751,10:30:00,10:45:51,15
27,BUS27,LINEA_16_A_39600,LINEA_16,39600,40551,11:00:00,11:15:51,15
27,BUS27,LINEA_16_R_41400,LINEA_16_R,41400,42351,11:30:00,11:45:51,15
27,BUS27,LINEA_16_A_43200,LINEA_16,43200,44151,12:00:00,12:15:51,15
27,BUS27,LINEA_16_R_45000,LINEA_16_R,45000,45951,12:30:00,12:45:51,15
27,BUS27,LINEA_16_A_46800,LINEA_16,46800,47751,13:00:00,13:15:51,15
27,BUS27,LINEA_16_R_48600,LINEA_16_R,48600,49551,13:30:00,13:45:51,15
27,BUS27,LINEA_16_A_50400,LINEA_16,50400,51351,14:00:00,14:15:51,15
27,BUS27,LINEA_16_R_52200,LINEA_16_R,52200,53151,14:30:00,14:45:51,15
27,BUS27,LINEA_16_A_54000,LINEA_16,54000,54951,15:00:00,15:15:51,15
27,BUS27,LINEA_16_R_55800,LINEA_16_R,55800,56751,15:30:00,15:45:51,15
27,BUS27,LINEA_16_A_57600,LINEA_16,57600,58551,16:00:00,16:15:51,15
27,BUS27,LINEA_16_R_59400,LINEA_16_R,59400,60351,16:30:00,16:45:51,15
27,BUS27,LINEA_16_A_61200,LINEA_16,61200,62151,17:00:00,17:15:51,15
27,BUS27,LINEA_16_R_63000,LINEA_16_R,63000,63951,17:30:00,17:45:51,15
27,BUS27,LINEA_16_A_64800,LINEA_16,64800,65751,18:00:00,18:15:51,15
27,BUS27,LINEA_16_R_66600,LINEA_16_R,66600,67551,18:30:00,18:45:51,15
27,BUS27,LINEA_16_A_68400,LINEA_16,68400,69351,19:00:00,19:15:51,15
27,BUS27,LINEA_16_R_70200,LINEA_16_R,70200,71151,19:30:00,19:45:51,15
27,BUS27,LINEA_16_A_72000,LINEA_16,72000,72951,20:00:00,20:15:51,15
27,BUS27,LINEA_16_R_73800,LINEA_16_R,73800,74751,20:30:00,20:45:51,15
27,BUS27,LINEA_16_A_75600,LINEA_16,75600,76551,21:00:00,21:15:51,15
27,BUS27,LINEA_16_R_77400,LINEA_16_R,77400,78351,21:30:00,21:45:51,15
27,BUS27,LINEA_16_A_79200,LINEA_16,79200,80151,22:00:00,22:15:51,15
27,BUS27,LINEA_16_R_81000,LINEA_16_R,81000,81951,22:30:00,22:45:51,15
27,BUS27,LINEA_16_A_82800,LINEA_16,82800,83751,23:00:00,23:15:51,15
27,BUS27,LINEA_16_R_84600,LINEA_16_R,84600,85551,23:30:00,23:45:51,15
28,BUS28,LINEA_16_A_23400,LINEA_16,23400,24351,06:30:00,06:45:51,15
28,BUS28,LINEA_16_R_25200,LINEA_16_R,25200,26151,07:00:00,07:15:51,15
28,BUS28,LINEA_16_A_27000,LINEA_16,27000,27951,07:30:00,07:45:51,15
28,BUS28,LINEA_16_R_28800,LINEA_16_R,28800,29751,08:00:00,08:15:51,15
28,BUS28,LINEA_16_A_30600,LINEA_16,30600,31551,08:30:00,08:45:51,15
28,BUS28,LINEA_16_R_32400,LINEA_16_R,32400,33351,09:00:00,09:15:51,15
28,BUS28,LINEA_16_A_34200,LINEA_16,34200,35151,09:30:00,09:45:51,15
28,BUS28,LINEA_16_R_36000,LINEA_16_R,36000,36951,10:00:00,10:15:51,15
28,BUS28,LINEA_16_A_37800,LINEA_16,37800,38751,10:30:00,10:45:51,15
28,BUS28,LINEA_16_R_39600,LINEA_16_R,39600,40551,11:00:00,11:15:51,15
28,BUS28,LINEA_16_A_41400,LINEA_16,41400,42351,11:30:00,11:45:51,15
28,BUS28,LINEA_16_R_43200,LINEA_16_R,43200,44151,12:00:00,12:15:51,15
28,BUS28,LINEA_16_A_45000,LINEA_16,45000,45951,12:30:00,12:45:51,15
28,BUS28,LINEA_16_R_46800,LINEA_16_R,46800,47751,13:00:00,13:15:51,15
28,BUS28,LINEA_16_A_48600,LINEA_16,48600,49551,13:30:00,13:45:51,15
28,BUS28,LINEA_16_R_50400,LINEA_16_R,50400,51351,14:00:00,14:15:51,15
28,BUS28,LINEA_16_A_52200,LINEA_16,52200,53151,14:30:00,14:45:51,15
28,BUS28,LINEA_16_R_54000,LINEA_16_R,54000,54951,15:00:00,15:15:51,15
28,BUS28,LINEA_16_A_55800,LINEA_16,55800,56751,15:30:00,15:45:51,15
28,BUS28,LINEA_16_R_57600,LINEA_16_R,57600,58551,16:00:00,16:15:51,15
28,BUS28,LINEA_16_A_59400,LINEA_16,59400,60351,16:30:00,16:45:51,15
28,BUS28,LINEA_16_R_61200,LINEA_16_R,61200,62151,17:00:00,17:15:51,15
28,BUS28,LINEA_16_A_63000,LINEA_16,63000,63951,17:30:00,17:45:51,15
28,BUS28,LINEA_16_R_64800,LINEA_16_R,64800,65751,18:00:00,18:15:51,15
28,BUS28,LINEA_16_A_66600,LINEA_16,66600,67551,18:30:00,18:45:51,15
28,BUS28,LINEA_16_R_68400,LINEA_16_R,68400,69351,19:00:00,19:15:51,15
28,BUS28,LINEA_16_A_70200,LINEA_16,70200,71151,19:30:00,19:45:51,15
28,BUS28,LINEA_16_R_72000,LINEA_16_R,72000,72951,20:00:00,20:15:51,15
28,BUS28,LINEA_16_A_73800,LINEA_16,73800,74751,20:30:00,20:45:51,15
28,BUS28,LINEA_16_R_75600,LINEA_16_R,75600,76551,21:00:00,21:15:51,15
28,BUS28,LINEA_16_A_77400,LINEA_16,77400,78351,21:30:00,21:45:51,15
28,BUS28,LINEA_16_R_79200,LINEA_16_R,79200,80151,22:00:00,22:15:51,15
28,BUS28,LINEA_16_A_81000,LINEA_16,81000,81951,22:30:00,22:45:51,15
28,BUS28,LINEA_16_R_82800,LINEA_16_R,82800,83751,23:00:00,23:15:51,15
29,BUS29,LINEA_17_A_21600,LINEA_17,21600,23074,06:00:00,06:24:34,24
29,BUS29,LINEA_17_A_23400,LINEA_17,23400,24874,06:30:00,06:54:34,24
29,BUS29,LINEA_17_A_25200,LINEA_17,25200,26674,07:00:00,07:24:34,24
29,BUS29,LINEA_17_A_27000,LINEA_17,27000,28474,07:30:00,07:54:34,24
29,BUS29,LINEA_17_A_28800,LINEA_17,28800,30274,08:00:00,08:24:34,24
29,BUS29,LINEA_17_A_30600,LINEA_17,30600,32074,08:30:00,08:54:34,24
29,BUS29,LINEA_17_A_32400,LINEA_17,32400,33874,09:00:00,09:24:34,24
29,BUS29,LINEA_17_A_34200,LINEA_17,34200,35674,09:30:00,09:54:34,24
29,BUS29,LINEA_17_A_36000,LINEA_17,36000,37474,10:00:00,10:24:34,24
29,BUS29,LINEA_17_A_37800,LINEA_17,37800,39274,10:30:00,10:54:34,24
29,BUS29,LINEA_17_A_39600,LINEA_17,39600,41074,11:00:00,11:24:34,24
29,BUS29,LINEA_17_A_41400,LINEA_17,41400,42874,11:30:00,11:54:34,24
29,BUS29,LINEA_17_A_43200,LINEA_17,43200,44674,12:00:00,12:24:34,24
29,BUS29,LINEA_17_A_45000,LINEA_17,45000,46474,12:30:00,12:54:34,24
29,BUS29,LINEA_17_A_46800,LINEA_17,46800,48274,13:00:00,13:24:34,24
29,BUS29,LINEA_17_A_48600,LINEA_17,48600,50074,13:30:00,13:54:34,24
29,BUS29,LINEA_17_A_50400,LINEA_17,50400,51874,14:00:00,14:24:34,24
29,BUS29,LINEA_17_A_52200,LINEA_17,52200,53674,14:30:00,14:54:34,24
29,BUS29,LINEA_17_A_54000,LINEA_17,54000,55474,15:00:00,15:24:34,24
29,BUS29,LINEA_17_A_55800,LINEA_17,55800,57274,15:30:00,15:54:34,24
29,BUS29,LINEA_17_A_57600,LINEA_17,57600,59074,16:00:00,16:24:34,24
29,BUS29,LINEA_17_A_59400,LINEA_17,59400,60874,16:30:00,16:54:34,24
29,BUS29,LINEA_17_A_61200,LINEA_17,61200,62674,17:00:00,17:24:34,24
29,BUS29,LINEA_17_A_63000,LINEA_17,63000,64474,17:30:00,17:54:34,24
29,BUS29,LINEA_17_A_64800,LINEA_17,64800,66274,18:00:00,18:24:34,24
29,BUS29,LINEA_17_A_66600,LINEA_17,66600,68074,18:30:00,18:54:34,24
29,BUS29,LINEA_17_A_68400,LINEA_17,68400,69874,19:00:00,19:24:34,24
29,BUS29,LINEA_17_A_70200,LINEA_17,70200,71674,19:30:00,19:54:34,24
29,BUS29,LINEA_17_A_72000,LINEA_17,72000,73474,20:00:00,20:24:34,24
29,BUS29,LINEA_17_A_73800,LINEA_17,73800,75274,20:30:00,20:54:34,24
29,BUS29,LINEA_17_A_75600,LINEA_17,75600,77074,21:00:00,21:24:34,24
29,BUS29,LINEA_17_A_77400,LINEA_17,77400,78874,21:30:00,21:54:34,24
29,BUS29,LINEA_17_A_79200,LINEA_17,79200,80674,22:00:00,22:24:34,24
29,BUS29,LINEA_17_A_81000,LINEA_17,81000,82474,22:30:00,22:54:34,24
29,BUS29,LINEA_17_A_82800,LINEA_17,82800,84274,23:00:00,23:24:34,24
30,BUS30,LINEA_2_A_21600,LINEA_2,21600,23820,06:00:00,06:37:00,37
30,BUS30,LINEA_2_A_25200,LINEA_2,25200,27420,07:00:00,07:37:00,37
30,BUS30,LINEA_2_A_28800,LINEA_2,28800,31020,08:00:00,08:37:00,37
30,BUS30,LINEA_2_A_32400,LINEA_2,32400,34620,09:00:00,09:37:00,37
30,BUS30,LINEA_2_A_36000,LINEA_2,36000,38220,10:00:00,10:37:00,37
30,BUS30,LINEA_2_A_39600,LINEA_2,39600,41820,11:00:00,11:37:00,37
30,BUS30,LINEA_2_A_43200,LINEA_2,43200,45420,12:00:00,12:37:00,37
30,BUS30,LINEA_2_A_46800,LINEA_2,46800,49020,13:00:00,13:37:00,37
30,BUS30,LINEA_2_A_50400,LINEA_2,50400,52620,14:00:00,14:37:00,37
30,BUS30,LINEA_2_A_54000,LINEA_2,54000,56220,15:00:00,15:37:00,37
30,BUS30,LINEA_2_A_57600,LINEA_2,57600,59820,16:00:00,16:37:00,37
30,BUS30,LINEA_2_A_61200,LINEA_2,61200,63420,17:00:00,17:37:00,37
30,BUS30,LINEA_2_A_64800,LINEA_2,64800,67020,18:00:00,18:37:00,37
30,BUS30,LINEA_2_A_68400,LINEA_2,68400,70620,19:00:00,19:37:00,37
30,BUS30,LINEA_2_A_72000,LINEA_2,72000,74220,20:00:00,20:37:00,37
30,BUS30,LINEA_2_A_75600,LINEA_2,75600,77820,21:00:00,21:37:00,37
30,BUS30,LINEA_2_A_79200,LINEA_2,79200,81420,22:00:00,22:37:00,37
30,BUS30,LINEA_2_A_82800,LINEA_2,82800,85020,23:00:00,23:37:00,37
31,BUS31,LINEA_2_A_23400,LINEA_2,23400,25620,06:30:00,07:07:00,37
31,BUS31,LINEA_2_A_27000,LINEA_2,27000,29220,07:30:00,08:07:00,37
31,BUS31,LINEA_2_A_30600,LINEA_2,30600,32820,08:30:00,09:07:00,37
31,BUS31,LINEA_2_A_34200,LINEA_2,34200,36420,09:30:00,10:07:00,37
31,BUS31,LINEA_2_A_37800,LINEA_2,37800,40020,10:30:00,11:07:00,37
31,BUS31,LINEA_2_A_41400,LINEA_2,41400,43620,11:30:00,12:07:00,37
31,BUS31,LINEA_2_A_45000,LINEA_2,45000,47220,12:30:00,13:07:00,37
31,BUS31,LINEA_2_A_48600,LINEA_2,48600,50820,13:30:00,14:07:00,37
31,BUS31,LINEA_2_A_52200,LINEA_2,52200,54420,14:30:00,15:07:00,37
31,BUS31,LINEA_2_A_55800,LINEA_2,55800,58020,15:30:00,16:07:00,37
31,BUS31,LINEA_2_A_59400,LINEA_2,59400,61620,16:30:00,17:07:00,37
31,BUS31,LINEA_2_A_63000,LINEA_2,63000,65220,17:30:00,18:07:00,37
31,BUS31,LINEA_2_A_66600,LINEA_2,66600,68820,18:30:00,19:07:00,37
31,BUS31,LINEA_2_A_70200,LINEA_2,70200,72420,19:30:00,20:07:00,37
31,BUS31,LINEA_2_A_73800,LINEA_2,73800,76020,20:30:00,21:07:00,37
31,BUS31,LINEA_2_A_77400,LINEA_2,77400,79620,21:30:00,22:07:00,37
31,BUS31,LINEA_2_A_81000,LINEA_2,81000,83220,22:30:00,23:07:00,37
32,BUS32,LINEA_2_LIC_A_21600,LINEA_2_LIC,21600,22740,06:00:00,06:19:00,19
32,BUS32,LINEA_2_LIC_R_23400,LINEA_2_LIC_R,23400,24540,06:30:00,06:49:00,19
32,BUS32,LINEA_2_LIC_A_25200,LINEA_2_LIC,25200,26340,07:00:00,07:19:00,19
32,BUS32,LINEA_2_LIC_R_27000,LINEA_2_LIC_R,27000,28140,07:30:00,07:49:00,19
32,BUS32,LINEA_2_LIC_A_28800,LINEA_2_LIC,28800,29940,08:00:00,08:19:00,19
32,BUS32,LINEA_2_LIC_R_30600,LINEA_2_LIC_R,30600,31740,08:30:00,08:49:00,19
32,BUS32,LINEA_2_LIC_A_32400,LINEA_2_LIC,32400,33540,09:00:00,09:19:00,19
32,BUS32,LINEA_2_LIC_R_34200,LINEA_2_LIC_R,34200,35340,09:30:00,09:49:00,19
32,BUS32,LINEA_2_LIC_A_36000,LINEA_2_LIC,36000,37140,10:00:00,10:19:00,19
32,BUS32,LINEA_2_LIC_R_37800,LINEA_2_LIC_R,37800,38940,10:30:00,10:49:00,19
32,BUS32,LINEA_2_LIC_A_39600,LINEA_2_LIC,39600,40740,11:00:00,11:19:00,19
32,BUS32,LINEA_2_LIC_R_41400,LINEA_2_LIC_R,41400,42540,11:30:00,11:49:00,19
32,BUS32,LINEA_2_LIC_A_43200,LINEA_2_LIC,43200,44340,12:00:00,12:19:00,19
32,BUS32,LINEA_2_LIC_R_45000,LINEA_2_LIC_R,45000,46140,12:30:00,12:49:00,19
32,BUS32,LINEA_2_LIC_A_46800,LINEA_2_LIC,46800,47940,13:00:00,13:19:00,19
32,BUS32,LINEA_2_LIC_R_48600,LINEA_2_LIC_R,48600,49740,13:30:00,13:49:00,19
32,BUS32,LINEA_2_LIC_A_50400,LINEA_2_LIC,50400,51540,14:00:00,14:19:00,19
32,BUS32,LINEA_2_LIC_R_52200,LINEA_2_LIC_R,52200,53340,14:30:00,14:49:00,19
32,BUS32,LINEA_2_LIC_A_54000,LINEA_2_LIC,54000,55140,15:00:00,15:19:00,19
32,BUS32,LINEA_2_LIC_R_55800,LINEA_2_LIC_R,55800,56940,15:30:00,15:49:00,19
32,BUS32,LINEA_2_LIC_A_57600,LINEA_2_LIC,57600,58740,16:00:00,16:19:00,19
32,BUS32,LINEA_2_LIC_R_59400,LINEA_2_LIC_R,59400,60540,16:30:00,16:49:00,19
32,BUS32,LINEA_2_LIC_A_61200,LINEA_2_LIC,61200,62340,17:00:00,17:19:00,19
32,BUS32,LINEA_2_LIC_R_63000,LINEA_2_LIC_R,63000,64140,17:30:00,17:49:00,19
32,BUS32,LINEA_2_LIC_A_64800,LINEA_2_LIC,64800,65940,18:00:00,18:19:00,19
32,BUS32,LINEA_2_LIC_R_66600,LINEA_2_LIC_R,66600,67740,18:30:00,18:49:00,19
32,BUS32,LINEA_2_LIC_A_68400,LINEA_2_LIC,68400,69540,19:00:00,19:19:00,19
32,BUS32,LINEA_2_LIC_R_70200,LINEA_2_LIC_R,70200,71340,19:30:00,19:49:00,19
32,BUS32,LINEA_2_LIC_A_72000,LINEA_2_LIC,72000,73140,20:00:00,20:19:00,19
32,BUS32,LINEA_2_LIC_R_73800,LINEA_2_LIC_R,73800,74940,20:30:00,20:49:00,19
32,BUS32,LINEA_2_LIC_A_75600,LINEA_2_LIC,75600,76740,21:00:00,21:19:00,19
32,BUS32,LINEA_2_LIC_R_77400,LINEA_2_LIC_R,77400,78540,21:30:00,21:49:00,19
32,BUS32,LINEA_2_LIC_A_79200,LINEA_2_LIC,79200,80340,22:00:00,22:19:00,19
32,BUS32,LINEA_2_LIC_R_81000,LINEA_2_LIC_R,81000,82140,22:30:00,22:49:00,19
32,BUS32,LINEA_2_LIC_A_82800,LINEA_2_LIC,82800,83940,23:00:00,23:19:00,19
32,BUS32,LINEA_2_LIC_R_84600,LINEA_2_LIC_R,84600,85740,23:30:00,23:49:00,19
33,BUS33,LINEA_2_LIC_A_23400,LINEA_2_LIC,23400,24540,06:30:00,06:49:00,19
33,BUS33,LINEA_2_LIC_R_25200,LINEA_2_LIC_R,25200,26340,07:00:00,07:19:00,19
33,BUS33,LINEA_2_LIC_A_27000,LINEA_2_LIC,27000,28140,07:30:00,07:49:00,19
33,BUS33,LINEA_2_LIC_R_28800,LINEA_2_LIC_R,28800,29940,08:00:00,08:19:00,19
33,BUS33,LINEA_2_LIC_A_30600,LINEA_2_LIC,30600,31740,08:30:00,08:49:00,19
33,BUS33,LINEA_2_LIC_R_32400,LINEA_2_LIC_R,32400,33540,09:00:00,09:19:00,19
33,BUS33,LINEA_2_LIC_A_34200,LINEA_2_LIC,34200,35340,09:30:00,09:49:00,19
33,BUS33,LINEA_2_LIC_R_36000,LINEA_2_LIC_R,36000,37140,10:00:00,10:19:00,19
33,BUS33,LINEA_2_LIC_A_37800,LINEA_2_LIC,37800,38940,10:30:00,10:49:00,19
33,BUS33,LINEA_2_LIC_R_39600,LINEA_2_LIC_R,39600,40740,11:00:00,11:19:00,19
33,BUS33,LINEA_2_LIC_A_41400,LINEA_2_LIC,41400,42540,11:30:00,11:49:00,19
33,BUS33,LINEA_2_LIC_R_43200,LINEA_2_LIC_R,43200,44340,12:00:00,12:19:00,19
33,BUS33,LINEA_2_LIC_A_45000,LINEA_2_LIC,45000,46140,12:30:00,12:49:00,19
33,BUS33,LINEA_2_LIC_R_46800,LINEA_2_LIC_R,46800,47940,13:00:00,13:19:00,19
33,BUS33,LINEA_2_LIC_A_48600,LINEA_2_LIC,48600,49740,13:30:00,13:49:00,19
33,BUS33,LINEA_2_LIC_R_50400,LINEA_2_LIC_R,50400,51540,14:00:00,14:19:00,19
33,BUS33,LINEA_2_LIC_A_52200,LINEA_2_LIC,52200,53340,14:30:00,14:49:00,19
33,BUS33,LINEA_2_LIC_R_54000,LINEA_2_LIC_R,54000,55140,15:00:00,15:19:00,19
33,BUS33,LINEA_2_LIC_A_55800,LINEA_2_LIC,55800,56940,15:30:00,15:49:00,19
33,BUS33,LINEA_2_LIC_R_57600,LINEA_2_LIC_R,57600,58740,16:00:00,16:19:00,19
33,BUS33,LINEA_2_LIC_A_59400,LINEA_2_LIC,59400,60540,16:30:00,16:49:00,19
33,BUS33,LINEA_2_LIC_R_61200,LINEA_2_LIC_R,61200,62340,17:00:00,17:19:00,19
33,BUS33,LINEA_2_LIC_A_63000,LINEA_2_LIC,63000,64140,17:30:00,17:49:00,19
33,BUS33,LINEA_2_LIC_R_64800,LINEA_2_LIC_R,64800,65940,18:00:00,18:19:00,19
33,BUS33,LINEA_2_LIC_A_66600,LINEA_2_LIC,66600,67740,18:30:00,18:49:00,19
33,BUS33,LINEA_2_LIC_R_68400,LINEA_2_LIC_R,68400,69540,19:00:00,19:19:00,19
33,BUS33,LINEA_2_LIC_A_70200,LINEA_2_LIC,70200,71340,19:30:00,19:49:00,19
33,BUS33,LINEA_2_LIC_R_72000,LINEA_2_LIC_R,72000,73140,20:00:00,20:19:00,19
33,BUS33,LINEA_2_LIC_A_73800,LINEA_2_LIC,73800,74940,20:30:00,20:49:00,19
33,BUS33,LINEA_2_LIC_R_75600,LINEA_2_LIC_R,75600,76740,21:00:00,21:19:00,19
33,BUS33,LINEA_2_LIC_A_77400,LINEA_2_LIC,77400,78540,21:30:00,21:49:00,19
33,BUS33,LINEA_2_LIC_R_79200,LINEA_2_LIC_R,79200,80340,22:00:00,22:19:00,19
33,BUS33,LINEA_2_LIC_A_81000,LINEA_2_LIC,81000,82140,22:30:00,22:49:00,19
33,BUS33,LINEA_2_LIC_R_82800,LINEA_2_LIC_R,82800,83940,23:00:00,23:19:00,19
34,BUS34,LINEA_3_A_21600,LINEA_3,21600,23640,06:00:00,06:34:00,34
34,BUS34,LINEA_3_A_25200,LINEA_3,25200,27240,07:00:00,07:34:00,34
34,BUS34,LINEA_3_A_28800,LINEA_3,28800,30840,08:00:00,08:34:00,34
34,BUS34,LINEA_3_A_32400,LINEA_3,32400,34440,09:00:00,09:34:00,34
34,BUS34,LINEA_3_A_36000,LINEA_3,36000,38040,10:00:00,10:34:00,34
34,BUS34,LINEA_3_A_39600,LINEA_3,39600,41640,11:00:00,11:34:00,34
34,BUS34,LINEA_3_A_43200,LINEA_3,43200,45240,12:00:00,12:34:00,34
34,BUS34,LINEA_3_A_46800,LINEA_3,46800,48840,13:00:00,13:34:00,34
34,BUS34,LINEA_3_A_50400,LINEA_3,50400,52440,14:00:00,14:34:00,34
34,BUS34,LINEA_3_A_54000,LINEA_3,54000,56040,15:00:00,15:34:00,34
34,BUS34,LINEA_3_A_57600,LINEA_3,57600,59640,16:00:00,16:34:00,34
34,BUS34,LINEA_3_A_61200,LINEA_3,61200,63240,17:00:00,17:34:00,34
34,BUS34,LINEA_3_A_64800,LINEA_3,64800,66840,18:00:00,18:34:00,34
34,BUS34,LINEA_3_A_68400,LINEA_3,68400,70440,19:00:00,19:34:00,34
34,BUS34,LINEA_3_A_72000,LINEA_3,72000,74040,20:00:00,20:34:00,34
34,BUS34,LINEA_3_A_75600,LINEA_3,75600,77640,21:00:00,21:34:00,34
34,BUS34,LINEA_3_A_79200,LINEA_3,79200,81240,22:00:00,22:34:00,34
34,BUS34,LINEA_3_A_82800,LINEA_3,82800,84840,23:00:00,23:34:00,34
35,BUS35,LINEA_3_A_23400,LINEA_3,23400,25440,06:30:00,07:04:00,34
35,BUS35,LINEA_3_A_27000,LINEA_3,27000,29040,07:30:00,08:04:00,34
35,BUS35,LINEA_3_A_30600,LINEA_3,30600,32640,08:30:00,09:04:00,34
35,BUS35,LINEA_3_A_34200,LINEA_3,34200,36240,09:30:00,10:04:00,34
35,BUS35,LINEA_3_A_37800,LINEA_3,37800,39840,10:30:00,11:04:00,34
35,BUS35,LINEA_3_A_41400,LINEA_3,41400,43440,11:30:00,12:04:00,34
35,BUS35,LINEA_3_A_45000,LINEA_3,45000,47040,12:30:00,13:04:00,34
35,BUS35,LINEA_3_A_48600,LINEA_3,48600,50640,13:30:00,14:04:00,34
35,BUS35,LINEA_3_A_52200,LINEA_3,52200,54240,14:30:00,15:04:00,34
35,BUS35,LINEA_3_A_55800,LINEA_3,55800,57840,15:30:00,16:04:00,34
35,BUS35,LINEA_3_A_59400,LINEA_3,59400,61440,16:30:00,17:04:00,34
35,BUS35,LINEA_3_A_63000,LINEA_3,63000,65040,17:30:00,18:04:00,34
35,BUS35,LINEA_3_A_66600,LINEA_3,66600,68640,18:30:00,19:04:00,34
35,BUS35,LINEA_3_A_70200,LINEA_3,70200,72240,19:30:00,20:04:00,34
35,BUS35,LINEA_3_A_73800,LINEA_3,73800,75840,20:30:00,21:04:00,34
35,BUS35,LINEA_3_A_77400,LINEA_3,77400,79440,21:30:00,22:04:00,34
35,BUS35,LINEA_3_A_81000,LINEA_3,81000,83040,22:30:00,23:04:00,34
36,BUS36,LINEA_AGR_A_21600,LINEA_AGR,21600,22475,06:00:00,06:14:35,14
36,BUS36,LINEA_AGR_R_23400,LINEA_AGR_R,23400,24275,06:30:00,06:44:35,14
36,BUS36,LINEA_AGR_A_25200,LINEA_AGR,25200,26075,07:00:00,07:14:35,14
36,BUS36,LINEA_AGR_R_27000,LINEA_AGR_R,27000,27875,07:30:00,07:44:35,14
36,BUS36,LINEA_AGR_A_28800,LINEA_AGR,28800,29675,08:00:00,08:14:35,14
36,BUS36,LINEA_AGR_R_30600,LINEA_AGR_R,30600,31475,08:30:00,08:44:35,14
36,BUS36,LINEA_AGR_A_32400,LINEA_AGR,32400,33275,09:00:00,09:14:35,14
36,BUS36,LINEA_AGR_R_34200,LINEA_AGR_R,34200,35075,09:30:00,09:44:35,14
36,BUS36,LINEA_AGR_A_36000,LINEA_AGR,36000,36875,10:00:00,10:14:35,14
36,BUS36,LINEA_AGR_R_37800,LINEA_AGR_R,37800,38675,10:30:00,10:44:35,14
36,BUS36,LINEA_AGR_A_39600,LINEA_AGR,39600,40475,11:00:00,11:14:35,14
36,BUS36,LINEA_AGR_R_41400,LINEA_AGR_R,41400,42275,11:30:00,11:44:35,14
36,BUS36,LINEA_AGR_A_43200,LINEA_AGR,43200,44075,12:00:00,12:14:35,14
36,BUS36,LINEA_AGR_R_45000,LINEA_AGR_R,45000,45875,12:30:00,12:44:35,14
36,BUS36,LINEA_AGR_A_46800,LINEA_AGR,46800,47675,13:00:00,13:14:35,14
36,BUS36,LINEA_AGR_R_48600,LINEA_AGR_R,48600,49475,13:30:00,13:44:35,14
36,BUS36,LINEA_AGR_A_50400,LINEA_AGR,50400,51275,14:00:00,14:14:35,14
36,BUS36,LINEA_AGR_R_52200,LINEA_AGR_R,52200,53075,14:30:00,14:44:35,14
36,BUS36,LINEA_AGR_A_54000,LINEA_AGR,54000,54875,15:00:00,15:14:35,14
36,BUS36,LINEA_AGR_R_55800,LINEA_AGR_R,55800,56675,15:30:00,15:44:35,14
36,BUS36,LINEA_AGR_A_57600,LINEA_AGR,57600,58475,16:00:00,16:14:35,14
36,BUS36,LINEA_AGR_R_59400,LINEA_AGR_R,59400,60275,16:30:00,16:44:35,14
36,BUS36,LINEA_AGR_A_61200,LINEA_AGR,61200,62075,17:00:00,17:14:35,14
36,BUS36,LINEA_AGR_R_63000,LINEA_AGR_R,63000,63875,17:30:00,17:44:35,14
36,BUS36,LINEA_AGR_A_64800,LINEA_AGR,64800,65675,18:00:00,18:14:35,14
36,BUS36,LINEA_AGR_R_66600,LINEA_AGR_R,66600,67475,18:30:00,18:44:35,14
36,BUS36,LINEA_AGR_A_68400,LINEA_AGR,68400,69275,19:00:00,19:14:35,14
36,BUS36,LINEA_AGR_R_70200,LINEA_AGR_R,70200,71075,19:30:00,19:44:35,14
36,BUS36,LINEA_AGR_A_72000,LINEA_AGR,72000,72875,20:00:00,20:14:35,14
36,BUS36,LINEA_AGR_R_73800,LINEA_AGR_R,73800,74675,20:30:00,20:44:35,14
36,BUS36,LINEA_AGR_A_75600,LINEA_AGR,75600,76475,21:00:00,21:14:35,14
36,BUS36,LINEA_AGR_R_77400,LINEA_AGR_R,77400,78275,21:30:00,21:44:35,14
36,BUS36,LINEA_AGR_A_79200,LINEA_AGR,79200,80075,22:00:00,22:14:35,14
36,BUS36,LINEA_AGR_R_81000,LINEA_AGR_R,81000,81875,22:30:00,22:44:35,14
36,BUS36,LINEA_AGR_A_82800,LINEA_AGR,82800,83675,23:00:00,23:14:35,14
36,BUS36,LINEA_AGR_R_84600,LINEA_AGR_R,84600,85475,23:30:00,23:44:35,14
37,BUS37,LINEA_AGR_A_23400,LINEA_AGR,23400,24275,06:30:00,06:44:35,14
37,BUS37,LINEA_AGR_R_25200,LINEA_AGR_R,25200,26075,07:00:00,07:14:35,14
37,BUS37,LINEA_AGR_A_27000,LINEA_AGR,27000,27875,07:30:00,07:44:35,14
37,BUS37,LINEA_AGR_R_28800,LINEA_AGR_R,28800,29675,08:00:00,08:14:35,14
37,BUS37,LINEA_AGR_A_30600,LINEA_AGR,30600,31475,08:30:00,08:44:35,14
37,BUS37,LINEA_AGR_R_32400,LINEA_AGR_R,32400,33275,09:00:00,09:14:35,14
37,BUS37,LINEA_AGR_A_34200,LINEA_AGR,34200,35075,09:30:00,09:44:35,14
37,BUS37,LINEA_AGR_R_36000,LINEA_AGR_R,36000,36875,10:00:00,10:14:35,14
37,BUS37,LINEA_AGR_A_37800,LINEA_AGR,37800,38675,10:30:00,10:44:35,14
37,BUS37,LINEA_AGR_R_39600,LINEA_AGR_R,39600,40475,11:00:00,11:14:35,14
37,BUS37,LINEA_AGR_A_41400,LINEA_AGR,41400,42275,11:30:00,11:44:35,14
37,BUS37,LINEA_AGR_R_43200,LINEA_AGR_R,43200,44075,12:00:00,12:14:35,14
37,BUS37,LINEA_AGR_A_45000,LINEA_AGR,45000,45875,12:30:00,12:44:35,14
37,BUS37,LINEA_AGR_R_46800,LINEA_AGR_R,46800,47675,13:00:00,13:14:35,14
37,BUS37,LINEA_AGR_A_48600,LINEA_AGR,48600,49475,13:30:00,13:44:35,14
37,BUS37,LINEA_AGR_R_50400,LINEA_AGR_R,50400,51275,14:00:00,14:14:35,14
37,BUS37,LINEA_AGR_A_52200,LINEA_AGR,52200,53075,14:30:00,14:44:35,14
37,BUS37,LINEA_AGR_R_54000,LINEA_AGR_R,54000,54875,15:00:00,15:14:35,14
37,BUS37,LINEA_AGR_A_55800,LINEA_AGR,55800,56675,15:30:00,15:44:35,14
37,BUS37,LINEA_AGR_R_57600,LINEA_AGR_R,57600,58475,16:00:00,16:14:35,14
37,BUS37,LINEA_AGR_A_59400,LINEA_AGR,59400,60275,16:30:00,16:44:35,14
37,BUS37,LINEA_AGR_R_61200,LINEA_AGR_R,61200,62075,17:00:00,17:14:35,14
37,BUS37,LINEA_AGR_A_63000,LINEA_AGR,63000,63875,17:30:00,17:44:35,14
37,BUS37,LINEA_AGR_R_64800,LINEA_AGR_R,64800,65675,18:00:00,18:14:35,14
37,BUS37,LINEA_AGR_A_66600,LINEA_AGR,66600,67475,18:30:00,18:44:35,14
37,BUS37,LINEA_AGR_R_68400,LINEA_AGR_R,68400,69275,19:00:00,19:14:35,14
37,BUS37,LINEA_AGR_A_70200,LINEA_AGR,70200,71075,19:30:00,19:44:35,14
37,BUS37,LINEA_AGR_R_72000,LINEA_AGR_R,72000,72875,20:00:00,20:14:35,14
37,BUS37,LINEA_AGR_A_73800,LINEA_AGR,73800,74675,20:30:00,20:44:35,14
37,BUS37,LINEA_AGR_R_75600,LINEA_AGR_R,75600,76475,21:00:00,21:14:35,14
37,BUS37,LINEA_AGR_A_77400,LINEA_AGR,77400,78275,21:30:00,21:44:35,14
37,BUS37,LINEA_AGR_R_79200,LINEA_AGR_R,79200,80075,22:00:00,22:14:35,14
37,BUS37,LINEA_AGR_A_81000,LINEA_AGR,81000,81875,22:30:00,22:44:35,14
37,BUS37,LINEA_AGR_R_82800,LINEA_AGR_R,82800,83675,23:00:00,23:14:35,14
